id	name	category	energy	registered_kind	handler	description
35	Excalibur	SlashSword	1000	Instant	org.rsmod.content.other.special.attacks.boost.StatBoostSpecialAttacks$register$45	Sanctuary: Temporarily increase your Defence level by 8.
805	Rune thrownaxe	Thrown	100	missing		Chainhit: Throw an axe which hits your target and then chains to hit further nearby targets, costing 10% additional special attack per extra target.
859	Magic longbow	Bow	350	Ranged	org.rsmod.content.other.special.attacks.ranged.RangedWeaponSpecialAttacks$WeaponAttack	Powershot: Deal an attack that is guaranteed to hit your target.
861	Magic shortbow	Bow	550	Ranged	org.rsmod.content.other.special.attacks.ranged.RangedWeaponSpecialAttacks$WeaponAttack	Snapshot: Fire two arrows within quick succession, but with reduced accuracy.
1215	Dragon dagger	StabSword	250	Melee	org.rsmod.content.other.special.attacks.melee.MeleeWeaponSpecialAttacks$WeaponAttack	Puncture: Deal two quick slashes with 15% increased accuracy and 15% increased damage.
1231	Dragon dagger(p)	StabSword	250	Melee	org.rsmod.content.other.special.attacks.melee.MeleeWeaponSpecialAttacks$WeaponAttack	Puncture: Deal two quick slashes with 15% increased accuracy and 15% increased damage.
1249	Dragon spear	Spear	250	missing		Shove: Push your target back and stun them for 3 seconds. This attack deals no damage.
1263	Dragon spear(p)	Spear	250	missing		Shove: Push your target back and stun them for 3 seconds. This attack deals no damage.
1305	Dragon longsword	SlashSword	250	Melee	org.rsmod.content.other.special.attacks.melee.DragonLongswordSpecialAttack$DragonLongsword	Cleave: Deal a powerful attack that inflicts 25% more damage.
1377	Dragon battleaxe	Axe	1000	Instant	org.rsmod.content.other.special.attacks.boost.StatBoostSpecialAttacks$register$46	Rampage: Drain your Attack, Defence, Ranged & Magic levels by 10%, while increasing your Strength by 10 levels, plus 25% of the drained levels.
1434	Dragon mace	Spiked	250	Melee	org.rsmod.content.other.special.attacks.melee.MeleeWeaponSpecialAttacks$WeaponAttack	Shatter: Increase damage by 50% and accuracy by 25% for one hit.
3101	Rune claws	Claw	250	missing		Impale: Deal an attack with 10% increased Attack and Strength, but with a slower speed.
3176	Dragon spear(kp)	Spear	250	missing		Shove: Push your target back and stun them for 3 seconds. This attack deals no damage.
3204	Dragon halberd	Polearm	300	Melee	org.rsmod.content.other.special.attacks.melee.HalberdSpecialAttacks$Sweep	Sweep: If your target is small, adjacent targets may be hit too. Otherwise, your target may be hit a second time, with 25% decreased accuracy. Damage in all cases is increased by 10% of your max hit.
4151	Abyssal whip	Whip	500	Melee	org.rsmod.content.other.special.attacks.melee.MeleeWeaponSpecialAttacks$WeaponAttack	Energy Drain: Deal an attack with 25% increased accuracy that siphons 10% of your target's run energy.
4153	Granite maul	Blunt	600	missing		Quick Smash: Deal an extra attack instantly.
4587	Dragon scimitar	SlashSword	550	Melee	org.rsmod.content.other.special.attacks.melee.MeleeWeaponSpecialAttacks$WeaponAttack	Sever: Deal a slash with increased accuracy that prevents your target from using protection prayers for 5 seconds if it successfully hits.
5680	Dragon dagger(p+)	StabSword	250	Melee	org.rsmod.content.other.special.attacks.melee.MeleeWeaponSpecialAttacks$WeaponAttack	Puncture: Deal two quick slashes with 15% increased accuracy and 15% increased damage.
5698	Dragon dagger(p++)	StabSword	250	Melee	org.rsmod.content.other.special.attacks.melee.MeleeWeaponSpecialAttacks$WeaponAttack	Puncture: Deal two quick slashes with 15% increased accuracy and 15% increased damage.
5716	Dragon spear(p+)	Spear	250	missing		Shove: Push your target back and stun them for 3 seconds. This attack deals no damage.
5730	Dragon spear(p++)	Spear	250	missing		Shove: Push your target back and stun them for 3 seconds. This attack deals no damage.
6724	Seercull	Bow	1000	Ranged	org.rsmod.content.other.special.attacks.ranged.RangedWeaponSpecialAttacks$WeaponAttack	Soulshot: Deal an attack that is guaranteed to hit your target and lowers your target's Magic level by the damage dealt.
6739	Dragon axe	Axe	1000	Instant	org.rsmod.content.other.special.attacks.boost.StatBoostSpecialAttacks$register$1	Lumber Up: Increase your Woodcutting level by 3.
6746	Darklight	SlashSword	500	Melee	org.rsmod.content.other.special.attacks.melee.DemonbaneSpecialAttacks$Weaken	Weaken: Temporarily drain your target's Attack, Strength and Defence by 5%. Is twice as effective against demons.
7158	Dragon 2h sword	TwoHandedSword	600	Melee	org.rsmod.content.other.special.attacks.melee.DragonTwoHandedSpecialAttack$Powerstab	Powerstab: Hit up to fourteen enemies surrounding you.
7639	Rod of Ivandis (10)	Staff	100	missing		Retainer: Traps a vampyre juvenile or juvinate provided they have 50% or less hitpoints remaining.
7640	Rod of Ivandis (9)	Staff	100	missing		Retainer: Traps a vampyre juvenile or juvinate provided they have 50% or less hitpoints remaining.
7641	Rod of Ivandis (8)	Staff	100	missing		Retainer: Traps a vampyre juvenile or juvinate provided they have 50% or less hitpoints remaining.
7642	Rod of Ivandis (7)	Staff	100	missing		Retainer: Traps a vampyre juvenile or juvinate provided they have 50% or less hitpoints remaining.
7643	Rod of Ivandis (6)	Staff	100	missing		Retainer: Traps a vampyre juvenile or juvinate provided they have 50% or less hitpoints remaining.
7644	Rod of Ivandis (5)	Staff	100	missing		Retainer: Traps a vampyre juvenile or juvinate provided they have 50% or less hitpoints remaining.
7645	Rod of Ivandis (4)	Staff	100	missing		Retainer: Traps a vampyre juvenile or juvinate provided they have 50% or less hitpoints remaining.
7646	Rod of Ivandis (3)	Staff	100	missing		Retainer: Traps a vampyre juvenile or juvinate provided they have 50% or less hitpoints remaining.
7647	Rod of Ivandis (2)	Staff	100	missing		Retainer: Traps a vampyre juvenile or juvinate provided they have 50% or less hitpoints remaining.
7648	Rod of Ivandis (1)	Staff	100	missing		Retainer: Traps a vampyre juvenile or juvinate provided they have 50% or less hitpoints remaining.
8872	Bone dagger	StabSword	750	missing		Backstab: Deal an attack with greatly increased accuracy on unsuspecting targets and that lowers your target's Defence level by the damage dealt.
8874	Bone dagger (p)	StabSword	750	missing		Backstab: Deal an attack with greatly increased accuracy on unsuspecting targets and that lowers your target's Defence level by the damage dealt.
8876	Bone dagger (p+)	StabSword	750	missing		Backstab: Deal an attack with greatly increased accuracy on unsuspecting targets and that lowers your target's Defence level by the damage dealt.
8878	Bone dagger (p++)	StabSword	750	missing		Backstab: Deal an attack with greatly increased accuracy on unsuspecting targets and that lowers your target's Defence level by the damage dealt.
8880	Dorgeshuun crossbow	Crossbow	750	missing		Snipe: Deal an attack with greatly increased accuracy on unsuspecting targets and that lowers your target's Defence level by the damage dealt.
10284	Magic comp bow	Bow	350	Ranged	org.rsmod.content.other.special.attacks.ranged.RangedWeaponSpecialAttacks$WeaponAttack	Powershot: Deal an attack that is guaranteed to hit your target.
10887	Barrelchest anchor	Spiked	500	Melee	org.rsmod.content.other.special.attacks.melee.MeleeWeaponSpecialAttacks$WeaponAttack	Sunder: Deal an attack with double accuracy and 10% higher max hit. Lowers your target's Attack, Defence, Ranged or Magic level by 10% of the damage dealt.
11037	Brine sabre	SlashSword	750	missing		Liquify: Deal an attack with double the chance of hitting that boosts your Strength, Attack and Defence levels by 25% of the damage dealt. Can only be used underwater.
11061	Ancient mace	Spiked	1000	Melee	org.rsmod.content.other.special.attacks.melee.MeleeWeaponSpecialAttacks$WeaponAttack	Favour of the War God: Deal an attack which hits through Protect from Melee and siphons Prayer points equal to the damage dealt.
11235	Dark bow	Bow	550	Ranged	org.rsmod.content.other.special.attacks.ranged.DarkBowSpecialAttack$DarkBow	Descent of Darkness: Deal a double attack that inflicts up to 30% more damage (minimum damage of 5 per hit).
11283	Dragonfire shield	Unarmed	0	Shield	org.rsmod.content.other.special.attacks.shield.DragonfireShieldSpecialAttacks$register$special$1	-
11785	Armadyl crossbow	Crossbow	500	missing		Armadyl Eye: Deal an attack with double accuracy, also doubles the base activation chance of enchanted bolt effects.
11791	Staff of the Dead	BladedStaff	1000	Instant	org.rsmod.content.other.special.attacks.magic.StaffProtectionSpecialAttacks$register$1	Power of Death: Reduce all melee damage you receive by 50% for the next minute while the staff remains equipped. Stacks with Protect from Melee.
11802	Armadyl godsword	TwoHandedSword	500	Melee	org.rsmod.content.other.special.attacks.melee.MeleeWeaponSpecialAttacks$WeaponAttack	The Judgement: Deal an attack that inflicts 37.5% more damage with double accuracy.
11804	Bandos godsword	TwoHandedSword	500	Melee	org.rsmod.content.other.special.attacks.melee.MeleeWeaponSpecialAttacks$WeaponAttack	Warstrike: Deal an attack, with double accuracy, that inflicts 21% more damage and drains one of your target's combat stats by the damage dealt.
11806	Saradomin godsword	TwoHandedSword	500	Melee	org.rsmod.content.other.special.attacks.melee.MeleeWeaponSpecialAttacks$WeaponAttack	Healing Blade: Deal an attack that inflicts 10% more damage with double accuracy, while restoring your Hitpoints and Prayer by 50% and 25% of the damage dealt respectively.
11808	Zamorak godsword	TwoHandedSword	500	Melee	org.rsmod.content.other.special.attacks.melee.MeleeWeaponSpecialAttacks$WeaponAttack	Ice Cleave: Deal an attack that inflicts 10% more damage with double accuracy and freezes your target for 20 seconds if it successfully hits.
11824	Zamorakian spear	Spear	250	missing		Shove: Push your target back and stun them for 3 seconds. This attack deals no damage.
11838	Saradomin sword	TwoHandedSword	1000	Melee	org.rsmod.content.other.special.attacks.melee.SaradominSwordSpecialAttacks$Lightning	Saradomin's Lightning: Call upon Saradomin's power to perform an attack that inflicts 10% more melee damage and 1-16 extra magic damage.
11889	Zamorakian hasta	Spear	250	missing		Shove: Push your target back and stun them for 3 seconds. This attack deals no damage.
11920	Dragon pickaxe	Pickaxe	1000	Instant	org.rsmod.content.other.special.attacks.boost.StatBoostSpecialAttacks$register$30	Rock Knocker: Increase your Mining level by 3.
12006	Abyssal tentacle	Whip	500	Melee	org.rsmod.content.other.special.attacks.melee.MeleeWeaponSpecialAttacks$WeaponAttack	Binding Tentacle: Bind your target for 5 seconds and increase the chance of them being poisoned.
12765	Dark bow	Bow	550	Ranged	org.rsmod.content.other.special.attacks.ranged.DarkBowSpecialAttack$DarkBow	Descent of Darkness: Deal a double attack that inflicts up to 30% more damage (minimum damage of 5 per hit).
12766	Dark bow	Bow	550	Ranged	org.rsmod.content.other.special.attacks.ranged.DarkBowSpecialAttack$DarkBow	Descent of Darkness: Deal a double attack that inflicts up to 30% more damage (minimum damage of 5 per hit).
12767	Dark bow	Bow	550	Ranged	org.rsmod.content.other.special.attacks.ranged.DarkBowSpecialAttack$DarkBow	Descent of Darkness: Deal a double attack that inflicts up to 30% more damage (minimum damage of 5 per hit).
12768	Dark bow	Bow	550	Ranged	org.rsmod.content.other.special.attacks.ranged.DarkBowSpecialAttack$DarkBow	Descent of Darkness: Deal a double attack that inflicts up to 30% more damage (minimum damage of 5 per hit).
12773	Volcanic abyssal whip	Whip	500	Melee	org.rsmod.content.other.special.attacks.melee.MeleeWeaponSpecialAttacks$WeaponAttack	Energy Drain: Deal an attack with 25% increased accuracy that siphons 10% of your target's run energy.
12774	Frozen abyssal whip	Whip	500	Melee	org.rsmod.content.other.special.attacks.melee.MeleeWeaponSpecialAttacks$WeaponAttack	Energy Drain: Deal an attack with 25% increased accuracy that siphons 10% of your target's run energy.
12788	Magic shortbow (i)	Bow	500	Ranged	org.rsmod.content.other.special.attacks.ranged.RangedWeaponSpecialAttacks$WeaponAttack	Snapshot: Fire two arrows within quick succession, but with reduced accuracy.
12797	Dragon pickaxe	Pickaxe	1000	Instant	org.rsmod.content.other.special.attacks.boost.StatBoostSpecialAttacks$register$33	Rock Knocker: Increase your Mining level by 3.
12808	Sara's blessed sword (full)	TwoHandedSword	650	Melee	org.rsmod.content.other.special.attacks.melee.SaradominSwordSpecialAttacks$Lightning	Saradomin's Lightning: Call upon Saradomin's power to perform an attack with 25% higher max hit.
12809	Saradomin's blessed sword	TwoHandedSword	650	Melee	org.rsmod.content.other.special.attacks.melee.SaradominSwordSpecialAttacks$Lightning	Saradomin's Lightning: Call upon Saradomin's power to perform an attack with 25% higher max hit.
12848	Granite maul	Blunt	600	missing		Quick Smash: Deal an extra attack instantly.
12902	Toxic staff (uncharged)	BladedStaff	1000	Instant	org.rsmod.content.other.special.attacks.magic.StaffProtectionSpecialAttacks$register$1	Power of Death: Reduce all melee damage you receive by 50% for the next minute while the staff remains equipped. Stacks with Protect from Melee.
12904	Toxic Staff of the Dead	BladedStaff	1000	Instant	org.rsmod.content.other.special.attacks.magic.StaffProtectionSpecialAttacks$register$1	Power of Death: Reduce all melee damage you receive by 50% for the next minute while the staff remains equipped. Stacks with Protect from Melee.
12926	Toxic blowpipe	Thrown	500	Ranged	org.rsmod.content.other.special.attacks.ranged.BlowpipeSpecialAttacks$Siphon	Toxic Siphon: Deal an attack with 100% increased accuracy that inflicts 50% more damage and heals you for 50% of the damage dealt.
13241	Infernal axe	Axe	1000	Instant	org.rsmod.content.other.special.attacks.boost.StatBoostSpecialAttacks$register$4	Lumber Up: Increase your Woodcutting level by 3.
13242	Infernal axe (uncharged)	Axe	1000	Instant	org.rsmod.content.other.special.attacks.boost.StatBoostSpecialAttacks$register$8	Lumber Up: Increase your Woodcutting level by 3.
13243	Infernal pickaxe	Pickaxe	1000	Instant	org.rsmod.content.other.special.attacks.boost.StatBoostSpecialAttacks$register$34	Rock Knocker: Increase your Mining level by 3.
13244	Infernal pickaxe (uncharged)	Pickaxe	1000	Instant	org.rsmod.content.other.special.attacks.boost.StatBoostSpecialAttacks$register$35	Rock Knocker: Increase your Mining level by 3.
13263	Abyssal bludgeon	Bludgeon	500	Melee	org.rsmod.content.other.special.attacks.melee.MeleeWeaponSpecialAttacks$WeaponAttack	Penance: Deal an attack that inflicts 0.5% more damage per prayer point that you have used.
13265	Abyssal dagger	StabSword	250	Melee	org.rsmod.content.other.special.attacks.melee.MeleeWeaponSpecialAttacks$WeaponAttack	Abyssal Puncture: Deal an attack that hits twice with 25% increased accuracy, but inflicts 15% less damage per hit. The second hit is guaranteed if the first deals damage.
13267	Abyssal dagger (p)	StabSword	250	Melee	org.rsmod.content.other.special.attacks.melee.MeleeWeaponSpecialAttacks$WeaponAttack	Abyssal Puncture: Deal an attack that hits twice with 25% increased accuracy, but inflicts 15% less damage per hit. The second hit is guaranteed if the first deals damage.
13269	Abyssal dagger (p+)	StabSword	250	Melee	org.rsmod.content.other.special.attacks.melee.MeleeWeaponSpecialAttacks$WeaponAttack	Abyssal Puncture: Deal an attack that hits twice with 25% increased accuracy, but inflicts 15% less damage per hit. The second hit is guaranteed if the first deals damage.
13271	Abyssal dagger (p++)	StabSword	250	Melee	org.rsmod.content.other.special.attacks.melee.MeleeWeaponSpecialAttacks$WeaponAttack	Abyssal Puncture: Deal an attack that hits twice with 25% increased accuracy, but inflicts 15% less damage per hit. The second hit is guaranteed if the first deals damage.
13576	Dragon warhammer	Blunt	500	Melee	org.rsmod.content.other.special.attacks.melee.MeleeWeaponSpecialAttacks$WeaponAttack	Smash: Deal an attack that inflicts 50% more damage and lowers your target's Defence level by 30%.
13652	Dragon claws	Claw	500	Melee	org.rsmod.content.other.special.attacks.melee.DragonClawsSpecialAttack$SliceAndDice	Slice and Dice: Hit 4 times in quick succession, with great accuracy.
19478	Light ballista	Crossbow	650	Ranged	org.rsmod.content.other.special.attacks.ranged.RangedWeaponSpecialAttacks$WeaponAttack	Concentrated Shot: Deal an attack with 25% increased accuracy and damage, but takes an additional 2.4 seconds to fire.
19481	Heavy ballista	Crossbow	650	Ranged	org.rsmod.content.other.special.attacks.ranged.RangedWeaponSpecialAttacks$WeaponAttack	Concentrated Shot: Deal an attack with 25% increased accuracy and damage, but takes an additional 2.4 seconds to fire.
19675	Arclight	SlashSword	500	Melee	org.rsmod.content.other.special.attacks.melee.DemonbaneSpecialAttacks$Weaken	Weaken: Temporarily drain your target's Attack, Strength and Defence by 5%. Is twice as effective against demons.
20000	Dragon scimitar (or)	SlashSword	550	Melee	org.rsmod.content.other.special.attacks.melee.MeleeWeaponSpecialAttacks$WeaponAttack	Sever: Deal a slash with increased accuracy that prevents your target from using protection prayers for 5 seconds if it successfully hits.
20011	3rd Age axe	Axe	1000	Instant	org.rsmod.content.other.special.attacks.boost.StatBoostSpecialAttacks$register$3	Lumber Up: Increase your Woodcutting level by 3.
20014	3rd Age pickaxe	Pickaxe	1000	Instant	org.rsmod.content.other.special.attacks.boost.StatBoostSpecialAttacks$register$38	Rock Knocker: Increase your Mining level by 3.
20368	Armadyl godsword (or)	TwoHandedSword	500	Melee	org.rsmod.content.other.special.attacks.melee.MeleeWeaponSpecialAttacks$WeaponAttack	The Judgement: Deal an attack that inflicts 37.5% more damage with double accuracy.
20370	Bandos godsword (or)	TwoHandedSword	500	Melee	org.rsmod.content.other.special.attacks.melee.MeleeWeaponSpecialAttacks$WeaponAttack	Warstrike: Deal an attack, with double accuracy, that inflicts 21% more damage and drains one of your target's combat stats by the damage dealt.
20372	Saradomin godsword (or)	TwoHandedSword	500	Melee	org.rsmod.content.other.special.attacks.melee.MeleeWeaponSpecialAttacks$WeaponAttack	Healing Blade: Deal an attack that inflicts 10% more damage with double accuracy, while restoring your Hitpoints and Prayer by 50% and 25% of the damage dealt respectively.
20374	Zamorak godsword (or)	TwoHandedSword	500	Melee	org.rsmod.content.other.special.attacks.melee.MeleeWeaponSpecialAttacks$WeaponAttack	Ice Cleave: Deal an attack that inflicts 10% more damage with double accuracy and freezes your target for 20 seconds if it successfully hits.
20405	Abyssal whip	Whip	500	Melee	org.rsmod.content.other.special.attacks.melee.MeleeWeaponSpecialAttacks$WeaponAttack	Energy Drain: Deal an attack with 25% increased accuracy that siphons 10% of your target's run energy.
20406	Dragon scimitar	SlashSword	550	Melee	org.rsmod.content.other.special.attacks.melee.MeleeWeaponSpecialAttacks$WeaponAttack	Sever: Deal a slash with increased accuracy that can prevent your target from using protection prayers for 5 seconds.
20407	Dragon dagger	StabSword	250	Melee	org.rsmod.content.other.special.attacks.melee.MeleeWeaponSpecialAttacks$WeaponAttack	Puncture: Deal two quick slashes with 15% increased accuracy and 15% increased damage.
20408	Dark bow	Bow	550	missing		Descent of Darkness: Deal a double attack that inflicts up to 30% more damage (minimum damage of 5 per hit).
20557	Granite maul	Blunt	500	missing		Quick Smash: Deal an extra attack instantly.
20558	Magic shortbow	Unarmed	550	missing		Snapshot: Fire two arrows within quick succession, but with reduced accuracy.
20559	Dragon 2h sword	Unarmed	600	missing		Powerstab: Hit up to fourteen enemies surrounding you.
20593	Armadyl godsword	TwoHandedSword	500	Melee	org.rsmod.content.other.special.attacks.melee.MeleeWeaponSpecialAttacks$WeaponAttack	The Judgement: Deal an attack that inflicts 37.5% more damage with double accuracy.
20784	Dragon claws	Claw	500	Melee	org.rsmod.content.other.special.attacks.melee.DragonClawsSpecialAttack$SliceAndDice	Slice and Dice: Hit 4 times in quick succession, with great accuracy.
20785	Dragon warhammer	Unarmed	500	Melee	org.rsmod.content.other.special.attacks.melee.MeleeWeaponSpecialAttacks$WeaponAttack	Smash: Deal an attack that inflicts 50% more damage and lowers your target's Defence level by 30%.
20849	Dragon thrownaxe	Thrown	250	missing		Momentum Throw: Deal a fast attack with 25% improved accuracy.
21003	Elder maul	Blunt	500	Melee	org.rsmod.content.other.special.attacks.melee.MeleeWeaponSpecialAttacks$WeaponAttack	Pulverize: A crushing blow with 25% bonus accuracy that will reduce your target's defence by 35%.
21009	Dragon sword	StabSword	400	Melee	org.rsmod.content.other.special.attacks.melee.MeleeWeaponSpecialAttacks$WeaponAttack	Wild Stab: Deal an attack which hits through Protect from Melee with 25% increased accuracy and damage.
21015	Dinh's bulwark	Bulwark	500	missing		Shield Bash: Hit surrounding targets within a 10x10 area with 20% increased accuracy.
21028	Dragon harpoon	StabSword	1000	Instant	org.rsmod.content.other.special.attacks.boost.StatBoostSpecialAttacks$register$18	Fishstabber: Increase your Fishing level by 3.
21031	Infernal harpoon	StabSword	1000	Instant	org.rsmod.content.other.special.attacks.boost.StatBoostSpecialAttacks$register$20	Fishstabber: Increase your Fishing level by 3.
21033	Infernal harpoon (uncharged)	StabSword	1000	Instant	org.rsmod.content.other.special.attacks.boost.StatBoostSpecialAttacks$register$25	Fishstabber: Increase your Fishing level by 3.
21205	Elder maul	Blunt	500	Melee	org.rsmod.content.other.special.attacks.melee.MeleeWeaponSpecialAttacks$WeaponAttack	Pulverize: A crushing blow with 25% bonus accuracy that will reduce your target's defence by 35%.
21206	Dragon sword	Unarmed	400	Melee	org.rsmod.content.other.special.attacks.melee.MeleeWeaponSpecialAttacks$WeaponAttack	Wild Stab: Deal an attack which hits through Protect from Melee with 25% increased accuracy and damage.
21207	Dragon thrownaxe	Unarmed	250	missing		Momentum Throw: Deal a fast attack with 25% improved accuracy.
21633	Ancient wyvern shield	Unarmed	0	Shield	org.rsmod.content.other.special.attacks.shield.DragonfireShieldSpecialAttacks$register$special$1	-
21742	Granite hammer	Blunt	600	Melee	org.rsmod.content.other.special.attacks.melee.MeleeWeaponSpecialAttacks$WeaponAttack	Hammer Blow: Deal an attack with 50% more accuracy and a guaranteed +5 damage.
21902	Dragon crossbow	Crossbow	600	missing		Annihilate: Hit your target with 20% extra damage and in multicombat zones, hit all adjacent targets by 20% less damage.
22002	Dragonfire ward	Unarmed	0	Shield	org.rsmod.content.other.special.attacks.shield.DragonfireShieldSpecialAttacks$register$special$1	-
22296	Staff of Light	BladedStaff	1000	Instant	org.rsmod.content.other.special.attacks.magic.StaffProtectionSpecialAttacks$register$1	Power of Death: Reduce all melee damage you receive by 50% for the next minute while the staff remains equipped. Stacks with Protect from Melee.
22398	Ivandis flail	Staff	100	missing		Retainer: Traps a vampyre juvenile or juvinate provided they have 50% or less hitpoints remaining.
22516	Dawnbringer	PoweredStaff	350	missing		Pulsate: Fire an incredibly powerful burst of energy.
22610	Vesta's spear	Spear	500	missing		Spear Wall: All damage dealt by this attack is reduced by 50%, but will damage up to sixteen targets surrounding you. After using this attack, you will be immune from melee and ranged attacks for 5 seconds.
22613	Vesta's longsword	SlashSword	250	Melee	org.rsmod.content.other.special.attacks.melee.AncientWarriorSpecialAttacks$Strike	Feint: Deal an attack which treats your target's defence as if it was reduced by 75%. It will deal a minimum of 20% extra damage.
22622	Statius's warhammer	Blunt	350	Melee	org.rsmod.content.other.special.attacks.melee.AncientWarriorSpecialAttacks$Strike	Smash: Deal an attack which deals a minimum of 25% extra damage and lowers your target's Defence level by 30%.
22634	Morrigan's throwing axe	Thrown	250	missing		Hamstring: Deal a minimum of 20% extra damage and hamstring player targets, causing them to lose run energy 6x faster for 1 minute. A successful hit reduces your next attack delay by 1.
22636	Morrigan's javelin	Thrown	500	missing		Phantom Strike: This does nothing vs non-player targets. As well as dealing a regular attack, your target will suffer that damage again over time.
22731	Dragon hasta	Spear	50	Melee	org.rsmod.content.other.special.attacks.melee.DragonHastaSpecialAttack$Unleash	Unleash: Deal an attack which has 5% increased accuracy and 2.5% increased strength per 5% of the special attack bar used.
22734	Dragon hasta(p)	Spear	50	Melee	org.rsmod.content.other.special.attacks.melee.DragonHastaSpecialAttack$Unleash	Unleash: Deal an attack which has 5% increased accuracy and 2.5% increased strength per 5% of the special attack bar used.
22737	Dragon hasta(p+)	Spear	50	Melee	org.rsmod.content.other.special.attacks.melee.DragonHastaSpecialAttack$Unleash	Unleash: Deal an attack which has 5% increased accuracy and 2.5% increased strength per 5% of the special attack bar used.
22740	Dragon hasta(p++)	Spear	50	Melee	org.rsmod.content.other.special.attacks.melee.DragonHastaSpecialAttack$Unleash	Unleash: Deal an attack which has 5% increased accuracy and 2.5% increased strength per 5% of the special attack bar used.
22743	Dragon hasta(kp)	Spear	50	Melee	org.rsmod.content.other.special.attacks.melee.DragonHastaSpecialAttack$Unleash	Unleash: Deal an attack which has 5% increased accuracy and 2.5% increased strength per 5% of the special attack bar used.
22804	Dragon knife	Thrown	250	Ranged	org.rsmod.content.other.special.attacks.ranged.RangedWeaponSpecialAttacks$WeaponAttack	Duality: Throws two knives at your opponent.
22806	Dragon knife(p)	Thrown	250	Ranged	org.rsmod.content.other.special.attacks.ranged.RangedWeaponSpecialAttacks$WeaponAttack	Duality: Throws two knives at your opponent.
22808	Dragon knife(p+)	Thrown	250	Ranged	org.rsmod.content.other.special.attacks.ranged.RangedWeaponSpecialAttacks$WeaponAttack	Duality: Throws two knives at your opponent.
22810	Dragon knife(p++)	Thrown	250	Ranged	org.rsmod.content.other.special.attacks.ranged.RangedWeaponSpecialAttacks$WeaponAttack	Duality: Throws two knives at your opponent.
23611	Armadyl crossbow	Crossbow	500	missing		Armadyl Eye: Deal an attack with double accuracy, also doubles the base activation chance of enchanted bolt effects.
23613	Staff of the Dead	BladedStaff	1000	Instant	org.rsmod.content.other.special.attacks.magic.StaffProtectionSpecialAttacks$register$1	Power of Death: Reduce all melee damage you receive by 50% for the next minute while the staff remains equipped. Stacks with Protect from Melee.
23615	Vesta's longsword	SlashSword	250	Melee	org.rsmod.content.other.special.attacks.melee.AncientWarriorSpecialAttacks$Strike	Feint: Deal an attack which treats your target's defence as if it was reduced by 75%. It will deal a minimum of 20% extra damage.
23619	Morrigan's javelin	Thrown	500	missing		Phantom Strike: This does nothing vs non-player targets. As well as dealing a regular attack, your target will suffer that damage again over time.
23620	Statius's warhammer	Blunt	350	Melee	org.rsmod.content.other.special.attacks.melee.AncientWarriorSpecialAttacks$Strike	Smash: Deal an attack which deals a minimum of 25% extra damage and lowers your target's Defence level by 30%.
23630	Heavy ballista	Crossbow	650	Ranged	org.rsmod.content.other.special.attacks.ranged.RangedWeaponSpecialAttacks$WeaponAttack	Concentrated Shot: Deal an attack with 25% increased accuracy and damage, but takes an additional 2.4 seconds to fire.
23673	Crystal axe	Axe	1000	Instant	org.rsmod.content.other.special.attacks.boost.StatBoostSpecialAttacks$register$6	Lumber Up: Increase your Woodcutting level by 3.
23675	Crystal axe (inactive)	Axe	1000	Instant	org.rsmod.content.other.special.attacks.boost.StatBoostSpecialAttacks$register$7	Lumber Up: Increase your Woodcutting level by 3.
23677	Dragon pickaxe (or)	Pickaxe	1000	Instant	org.rsmod.content.other.special.attacks.boost.StatBoostSpecialAttacks$register$31	Rock Knocker: Increase your Mining level by 3.
23680	Crystal pickaxe	Pickaxe	1000	Instant	org.rsmod.content.other.special.attacks.boost.StatBoostSpecialAttacks$register$39	Rock Knocker: Increase your Mining level by 3.
23682	Crystal pickaxe (inactive)	Pickaxe	1000	Instant	org.rsmod.content.other.special.attacks.boost.StatBoostSpecialAttacks$register$40	Rock Knocker: Increase your Mining level by 3.
23762	Crystal harpoon	StabSword	1000	Instant	org.rsmod.content.other.special.attacks.boost.StatBoostSpecialAttacks$register$23	Fishstabber: Increase your Fishing level by 3.
23764	Crystal harpoon (inactive)	StabSword	1000	Instant	org.rsmod.content.other.special.attacks.boost.StatBoostSpecialAttacks$register$24	Fishstabber: Increase your Fishing level by 3.
23987	Crystal halberd	Polearm	300	Melee	org.rsmod.content.other.special.attacks.melee.HalberdSpecialAttacks$Sweep	Sweep: If your target is small, adjacent targets may be hit too. Otherwise, your target may be hit a second time, with 25% decreased accuracy. Damage in all cases is increased by 10% of your max hit.
24125	Crystal halberd	Polearm	300	Melee	org.rsmod.content.other.special.attacks.melee.HalberdSpecialAttacks$Sweep	Sweep: If your target is small, adjacent targets may be hit too. Otherwise, your target may be hit a second time, with 25% decreased accuracy. Damage in all cases is increased by 10% of your max hit.
24144	Staff of Balance	BladedStaff	1000	Instant	org.rsmod.content.other.special.attacks.magic.StaffProtectionSpecialAttacks$register$1	Power of Death: Reduce all melee damage you receive by 50% for the next minute while the staff remains equipped. Stacks with Protect from Melee.
24225	Granite maul	Blunt	500	missing		Quick Smash: Deal an extra attack instantly.
24227	Granite maul	Blunt	500	missing		Quick Smash: Deal an extra attack instantly.
24424	Volatile Nightmare staff	Staff	550	Magic	org.rsmod.content.other.special.attacks.magic.NightmareStaffSpecialAttacks$StaffAttack	Immolate: Fire a powerful spell with 50% improved accuracy. Damage scales based upon magic level and can be increased with magic damage boosting equipment. Costs no runes to use.
24425	Eldritch Nightmare staff	Staff	550	Magic	org.rsmod.content.other.special.attacks.magic.NightmareStaffSpecialAttacks$StaffAttack	Invocate: Fire a powerful spell that restores your prayer points by 50% of the damage dealt. Damage scales based upon magic level and can be increased with magic damage boosting equipment. Your prayer points can go above your level, to a maximum of 120. Costs no runes to use.
24617	Vesta's blighted longsword	SlashSword	250	Melee	org.rsmod.content.other.special.attacks.melee.AncientWarriorSpecialAttacks$Strike	Feint: Deal an attack which treats your target's defence as if it was reduced by 75%. It will deal a minimum of 20% extra damage.
24699	Blisterwood flail	Staff	100	missing		Retainer: Traps a vampyre juvenile or juvinate provided they have 50% or less hitpoints remaining.
25059	Infernal harpoon (or)	StabSword	1000	Instant	org.rsmod.content.other.special.attacks.boost.StatBoostSpecialAttacks$register$21	-
25063	Infernal pickaxe (or)	Pickaxe	1000	Instant	org.rsmod.content.other.special.attacks.boost.StatBoostSpecialAttacks$register$36	-
25066	Infernal axe (or)	Axe	1000	Instant	org.rsmod.content.other.special.attacks.boost.StatBoostSpecialAttacks$register$5	-
25110	Echo axe	Axe	1000	Instant	org.rsmod.content.other.special.attacks.boost.StatBoostSpecialAttacks$register$10	Lumber Up: Increase your Woodcutting level by 3.
25112	Echo pickaxe	Pickaxe	1000	Instant	org.rsmod.content.other.special.attacks.boost.StatBoostSpecialAttacks$register$41	Rock Knocker: Increase your Mining level by 3.
25114	Echo harpoon	StabSword	1000	Instant	org.rsmod.content.other.special.attacks.boost.StatBoostSpecialAttacks$register$26	Fishstabber: Increase your Fishing level by 3.
25367	Infernal harpoon (uncharged)	StabSword	1000	Instant	org.rsmod.content.other.special.attacks.boost.StatBoostSpecialAttacks$register$22	-
25369	Infernal pickaxe (uncharged)	Pickaxe	1000	Instant	org.rsmod.content.other.special.attacks.boost.StatBoostSpecialAttacks$register$37	-
25371	Infernal axe (uncharged)	Axe	1000	Instant	org.rsmod.content.other.special.attacks.boost.StatBoostSpecialAttacks$register$9	-
25373	Dragon harpoon (or)	StabSword	1000	Instant	org.rsmod.content.other.special.attacks.boost.StatBoostSpecialAttacks$register$19	-
25376	Dragon pickaxe (or)	Pickaxe	1000	Instant	org.rsmod.content.other.special.attacks.boost.StatBoostSpecialAttacks$register$32	-
25378	Dragon axe (or)	Axe	1000	Instant	org.rsmod.content.other.special.attacks.boost.StatBoostSpecialAttacks$register$2	-
25517	Volatile Nightmare staff	Staff	550	Magic	org.rsmod.content.other.special.attacks.magic.NightmareStaffSpecialAttacks$StaffAttack	Immolate: Fire a powerful spell with 50% improved accuracy. Damage scales based upon magic level and can be increased with magic damage boosting equipment. Costs no runes to use.
26219	Osmumten's fang	StabSword	250	Melee	org.rsmod.content.other.special.attacks.melee.MeleeWeaponSpecialAttacks$WeaponAttack	Eviscerate: Perform an attack with your true maximum hit and a 50% accuracy bonus.
26233	Ancient godsword	TwoHandedSword	500	missing		Blood Sacrifice: Deal an attack that inflicts 10% more damage with double accuracy and marks your target for a blood sacrifice. Targets marked for a blood sacrifice will be hit for 25 damage after a short delay, unless they move away. If they are hit, you'll also be healed for the damage dealt. (Heal is capped at 15 in PvP)
26374	Zaryte crossbow	Crossbow	750	missing		Evoke: Perform an attack with double accuracy, with a guaranteed enchanted bolt activation rate on successful hit.
26482	Abyssal whip (or)	Whip	500	Melee	org.rsmod.content.other.special.attacks.melee.MeleeWeaponSpecialAttacks$WeaponAttack	Energy Drain: Deal an attack with 25% increased accuracy that siphons 10% of your target's run energy.
26484	Abyssal tentacle (or)	Whip	500	Melee	org.rsmod.content.other.special.attacks.melee.MeleeWeaponSpecialAttacks$WeaponAttack	Binding Tentacle: Bind your target for 5 seconds and increase the chance of them being poisoned.
26708	Dragon claws (or)	Claw	500	Melee	org.rsmod.content.other.special.attacks.melee.DragonClawsSpecialAttack$SliceAndDice	Slice and Dice: Hit 4 times in quick succession, with great accuracy.
26710	Dragon warhammer (or)	Blunt	500	Melee	org.rsmod.content.other.special.attacks.melee.MeleeWeaponSpecialAttacks$WeaponAttack	Smash: Deal an attack that inflicts 50% more damage and lowers your target's Defence level by 30%.
26712	Heavy ballista (or)	Crossbow	650	Ranged	org.rsmod.content.other.special.attacks.ranged.RangedWeaponSpecialAttacks$WeaponAttack	Concentrated Shot: Deal an attack with 25% increased accuracy and damage, but takes an additional 2.4 seconds to fire.
27100	Elder maul (or)	Blunt	500	Melee	org.rsmod.content.other.special.attacks.melee.MeleeWeaponSpecialAttacks$WeaponAttack	Pulverize: A crushing blow with 25% bonus accuracy that will reduce your target's defence by 35%.
27157	Dragon knife	Thrown	250	Ranged	org.rsmod.content.other.special.attacks.ranged.RangedWeaponSpecialAttacks$WeaponAttack	Duality: Throws two knives at your opponent.
27184	Ancient godsword	TwoHandedSword	500	missing		Blood Sacrifice: Deal an attack that inflicts 10% more damage with double accuracy and marks your target for a blood sacrifice. Targets marked for a blood sacrifice will be hit for 25 damage after a short delay, unless they move away. If they are hit, you'll also be healed for the damage dealt. (Heal is capped at 15 in PvP)
27186	Zaryte crossbow	Crossbow	750	missing		Evoke: Perform an attack with double accuracy, with a guaranteed enchanted bolt activation rate on successful hit.
27188	Light ballista	Crossbow	650	Ranged	org.rsmod.content.other.special.attacks.ranged.RangedWeaponSpecialAttacks$WeaponAttack	Concentrated Shot: Deal an attack with 25% increased accuracy and damage, but takes an additional 2.4 seconds to fire.
27246	Osmumten's fang (or)	StabSword	250	Melee	org.rsmod.content.other.special.attacks.melee.MeleeWeaponSpecialAttacks$WeaponAttack	Eviscerate: Perform an attack with your true maximum hit and a 50% accuracy bonus.
27287	Keris partisan of corruption	Unarmed	750	missing		Wrath of Amascut: Perform an attack with 100% increased accuracy and 25% increased damage, but with halved attack speed. If hit, the opponent will take 25% increased damage for the next 6 seconds. This special attack can only be used within the Tombs of Amascut.
27291	Keris partisan of the sun	Unarmed	750	missing		Tumeken's Light: Sacrifice 50 prayer points to restore your hitpoints to 20% above their maximum, cure all poison, restore all drained stats (except prayer) and fully restore your run energy. This special attack can only be used within the Tombs of Amascut.
27655	Webweaver bow	Bow	500	missing		Swarm: Fire 4 times in quick succession, dealing reduced damage and inflicting poison.
27660	Ursine chainmace	Spiked	500	missing		Bear Down: Perform an attack with double accuracy, dealing additional damage over time, draining your target's agility level and preventing them from running.
27665	Accursed sceptre	PoweredStaff	500	missing		Condemn: Fire a powerful spell with increased accuracy and damage, lowering your target's magic and defence levels by up to 15%.
27679	Accursed sceptre (a)	Staff	500	missing		Condemn: Fire a powerful spell with increased accuracy and damage, lowering your target's magic and defence levels by up to 15%.
27690	Voidwaker	SlashSword	500	Melee	org.rsmod.content.other.special.attacks.melee.VoidwakerSpecialAttack$Disrupt	Disrupt: Summon a powerful bolt of lightning that deals guaranteed magic damage based on your max hit.
27810	Dragon candle dagger	Blunt	250	missing		Celebrate: Perform an attack to leave the area feeling more festive.
27853	Dark bow (bh)	Bow	550	Ranged	org.rsmod.content.other.special.attacks.ranged.DarkBowSpecialAttack$DarkBow	Descent of Darkness: Deal a double attack that inflicts up to 30% more damage (minimum damage of 7 per hit).
27855	Barrelchest anchor (bh)	Spiked	500	Melee	org.rsmod.content.other.special.attacks.melee.MeleeWeaponSpecialAttacks$WeaponAttack	Sunder: Deal an attack with double accuracy and 25% higher max hit. Lowers your target's Attack, Defence, Ranged or Magic level by 10% of the damage dealt. Reduces the next attack delay by 1.2 seconds.
27857	Dragon mace (bh)	Spiked	150	missing		Shatter: Increase damage by 50% and accuracy by 25% for one hit, treats your target's defence as if it was reduced to 60%.
27859	Dragon longsword (bh)	SlashSword	150	Melee	org.rsmod.content.other.special.attacks.melee.DragonLongswordSpecialAttack$DragonLongsword	Cleave: Deal a powerful attack that inflicts 25% more damage with 25% increased accuracy and increased speed.
27861	Abyssal dagger (bh)	StabSword	350	Melee	org.rsmod.content.other.special.attacks.melee.MeleeWeaponSpecialAttacks$WeaponAttack	Abyssal Puncture: Deal an attack that hits twice with 25% increased accuracy, but inflicts 5% less damage per hit. The second hit is guaranteed if the first deals damage.
27863	Abyssal dagger (bh)(p)	StabSword	350	Melee	org.rsmod.content.other.special.attacks.melee.MeleeWeaponSpecialAttacks$WeaponAttack	Abyssal Puncture: Deal an attack that hits twice with 25% increased accuracy, but inflicts 5% less damage per hit. The second hit is guaranteed if the first deals damage.
27865	Abyssal dagger (bh)(p+)	StabSword	350	Melee	org.rsmod.content.other.special.attacks.melee.MeleeWeaponSpecialAttacks$WeaponAttack	Abyssal Puncture: Deal an attack that hits twice with 25% increased accuracy, but inflicts 5% less damage per hit. The second hit is guaranteed if the first deals damage.
27867	Abyssal dagger (bh)(p++)	StabSword	350	Melee	org.rsmod.content.other.special.attacks.melee.MeleeWeaponSpecialAttacks$WeaponAttack	Abyssal Puncture: Deal an attack that hits twice with 25% increased accuracy, but inflicts 5% less damage per hit. The second hit is guaranteed if the first deals damage.
27869	Voidwaker	SlashSword	500	Melee	org.rsmod.content.other.special.attacks.melee.VoidwakerSpecialAttack$Disrupt	Disrupt: Summon a powerful bolt of lightning that deals guaranteed magic damage based on your max hit.
27900	Vesta's spear (bh)	Spear	500	missing		Spear Wall: Will hit twice with second hit deals a damage between 50% - 75% of the first hit damage. After using this attack, you will be immune from melee and ranged attacks for 5 seconds and the next attack delay is reduced by 0.6 seconds.
27904	Vesta's longsword (bh)	SlashSword	250	Melee	org.rsmod.content.other.special.attacks.melee.AncientWarriorSpecialAttacks$Strike	Feint: Deal an attack which treats your target's defence as if it was reduced by 75%. It will deal a minimum of 20% extra damage.
27908	Statius's warhammer (bh)	Blunt	350	Melee	org.rsmod.content.other.special.attacks.melee.AncientWarriorSpecialAttacks$Strike	Smash: Deal an attack which deals a minimum of 25% extra damage and lowers your target's Defence level by 75%.
27912	Morrigan's throwing axe (bh)	Thrown	500	missing		Hamstring: Deal a minimum of 50% extra damage with 150% accuracy and hamstring player targets, causing them to lose run energy 6x faster for 1 minute.
27916	Morrigan's javelin (bh)	Thrown	500	missing		Phantom Strike: This does nothing vs non-player targets. As well as dealing a regular attack with 150% accuracy, your target will suffer 75% damage again over time.
28019	Dragon dagger (cr)	StabSword	250	Melee	org.rsmod.content.other.special.attacks.melee.MeleeWeaponSpecialAttacks$WeaponAttack	Puncture: Deal two quick slashes with 15% increased accuracy and 15% increased damage.
28021	Dragon dagger (p)(cr)	StabSword	250	Melee	org.rsmod.content.other.special.attacks.melee.MeleeWeaponSpecialAttacks$WeaponAttack	Puncture: Deal two quick slashes with 15% increased accuracy and 15% increased damage.
28023	Dragon dagger (p+)(cr)	StabSword	250	Melee	org.rsmod.content.other.special.attacks.melee.MeleeWeaponSpecialAttacks$WeaponAttack	Puncture: Deal two quick slashes with 15% increased accuracy and 15% increased damage.
28025	Dragon dagger (p++)(cr)	StabSword	250	Melee	org.rsmod.content.other.special.attacks.melee.MeleeWeaponSpecialAttacks$WeaponAttack	Puncture: Deal two quick slashes with 15% increased accuracy and 15% increased damage.
28027	Dragon mace (cr)	Spiked	250	Melee	org.rsmod.content.other.special.attacks.melee.MeleeWeaponSpecialAttacks$WeaponAttack	Shatter: Increase damage by 50% and accuracy by 25% for one hit.
28029	Dragon sword (cr)	StabSword	400	Melee	org.rsmod.content.other.special.attacks.melee.MeleeWeaponSpecialAttacks$WeaponAttack	Wild Stab: Deal an attack which hits through Protect from Melee with 25% increased accuracy and damage.
28031	Dragon scimitar (cr)	SlashSword	550	Melee	org.rsmod.content.other.special.attacks.melee.MeleeWeaponSpecialAttacks$WeaponAttack	Sever: Deal a slash with increased accuracy that prevents your target from using protection prayers for 5 seconds if it successfully hits.
28033	Dragon longsword (cr)	SlashSword	250	Melee	org.rsmod.content.other.special.attacks.melee.DragonLongswordSpecialAttack$DragonLongsword	Cleave: Deal a powerful attack that inflicts 25% more damage.
28035	Dragon warhammer (cr)	Blunt	500	Melee	org.rsmod.content.other.special.attacks.melee.MeleeWeaponSpecialAttacks$WeaponAttack	Smash: Deal an attack that inflicts 50% more damage and lowers your target's Defence level by 30%.
28037	Dragon battleaxe (cr)	Axe	1000	Instant	org.rsmod.content.other.special.attacks.boost.StatBoostSpecialAttacks$register$47	Rampage: Drain your Attack, Defence, Ranged & Magic levels by 10%, while increasing your Strength by 10 levels, plus 25% of the drained levels.
28039	Dragon claws (cr)	Claw	500	Melee	org.rsmod.content.other.special.attacks.melee.DragonClawsSpecialAttack$SliceAndDice	Slice and Dice: Hit 4 times in quick succession, with great accuracy.
28041	Dragon spear (cr)	Spear	250	missing		Shove: Push your target back and stun them for 3 seconds. This attack deals no damage.
28043	Dragon spear (p)(cr)	Spear	250	missing		Shove: Push your target back and stun them for 3 seconds. This attack deals no damage.
28045	Dragon spear (p+)(cr)	Spear	250	missing		Shove: Push your target back and stun them for 3 seconds. This attack deals no damage.
28047	Dragon spear (p++)(cr)	Spear	250	missing		Shove: Push your target back and stun them for 3 seconds. This attack deals no damage.
28049	Dragon halberd (cr)	Polearm	300	Melee	org.rsmod.content.other.special.attacks.melee.HalberdSpecialAttacks$Sweep	Sweep: If your target is small, adjacent targets may be hit too. Otherwise, your target may be hit a second time, with 25% decreased accuracy. Damage in all cases is increased by 10% of your max hit.
28051	Dragon 2h sword (cr)	TwoHandedSword	600	Melee	org.rsmod.content.other.special.attacks.melee.DragonTwoHandedSpecialAttack$Powerstab	Powerstab: Hit up to fourteen enemies surrounding you.
28053	Dragon crossbow (cr)	Crossbow	600	missing		Annihilate: Hit your target with 20% extra damage and in multicombat zones, hit all adjacent targets by 20% less damage.
28217	Dragon felling axe	Axe	1000	Instant	org.rsmod.content.other.special.attacks.boost.StatBoostSpecialAttacks$register$11	Lumber Up: Increase your Woodcutting level by 3.
28220	Crystal felling axe	Axe	1000	Instant	org.rsmod.content.other.special.attacks.boost.StatBoostSpecialAttacks$register$12	Lumber Up: Increase your Woodcutting level by 3.
28223	Crystal felling axe (inactive)	Axe	1000	Instant	org.rsmod.content.other.special.attacks.boost.StatBoostSpecialAttacks$register$13	Lumber Up: Increase your Woodcutting level by 3.
28226	3rd Age felling axe	Axe	1000	Instant	org.rsmod.content.other.special.attacks.boost.StatBoostSpecialAttacks$register$14	Lumber Up: Increase your Woodcutting level by 3.
28338	Soulreaper axe	Axe	1	missing		Behead: Consume all Soul Stacks, attacking with increased damage and accuracy per stack.
28531	Corrupted voidwaker	SlashSword	500	Melee	org.rsmod.content.other.special.attacks.melee.VoidwakerSpecialAttack$Disrupt	Disrupt: Summon a powerful bolt of lightning that deals guaranteed magic damage based on your max hit.
28534	Corrupted dragon claws	Claw	500	Melee	org.rsmod.content.other.special.attacks.melee.DragonClawsSpecialAttack$SliceAndDice	Slice and Dice: Hit 4 times in quick succession, with great accuracy.
28537	Corrupted armadyl godsword	TwoHandedSword	500	Melee	org.rsmod.content.other.special.attacks.melee.MeleeWeaponSpecialAttacks$WeaponAttack	The Judgement: Deal an attack that inflicts 37.5% more damage with double accuracy.
28682	Dinh's blazing bulwark	Bulwark	500	missing		Shield Bash: Hit surrounding targets within a 10x10 area with 20% increased accuracy.
28688	Blazing blowpipe	Thrown	500	Ranged	org.rsmod.content.other.special.attacks.ranged.BlowpipeSpecialAttacks$Siphon	Toxic Siphon: Deal an attack with 100% increased accuracy that inflicts 50% more damage and heals you for 50% of the damage dealt.
28919	Tonalztics of Ralos (uncharged)	Thrown	500	missing		Division: Fire a powerful piercing blade that reduces the target's Defence by 12.5% of their Magic Level.
28922	Tonalztics of Ralos	Thrown	500	missing		Division: Fire a powerful piercing blade that reduces the target's Defence by 12.5% of their Magic Level.
28988	Blue Moon spear	BladedStaff	500	missing		Break Shackles: Attack with increased accuracy and damage based on the duration of any binding spells affecting them and ending said effect. This special attack requires the full Blue Moon set to be worn.
28997	Dual macuahuitl	Spiked	250	missing		Blood infusion: Sacrifice 25% of your current hp to deal an attack with 25% increased accuracy and damage, with a guaranteed set effect activation on hit. This special attack requires the full Bloodrager set to be worn.
29000	Eclipse atlatl	Bow	500	missing		Eclipse: Attack with 50% increased accuracy, consuming all remaining burn damage affecting the target and raising the max hit by that amount. This special attack requires the full Eclipse set to be worn.
29577	Burning claws	Claw	350	missing		Burning barrage: Attacks 3 times in quick succession, with a chance to burn the enemy on each hit.
29589	Emberlight	SlashSword	500	Melee	org.rsmod.content.other.special.attacks.melee.DemonbaneSpecialAttacks$Weaken	Weaken: Temporarily drain your target's Attack, Strength and Defence by 5%. Is three times as effective against demons.
29591	Scorching bow	Bow	250	missing		Scorching shackles: A scorching shot with 30% bonus accuracy that will bind and burn enemy demons for 12 seconds.)
29594	Purging staff	Staff	250	missing		Scatter ashes: Casts the highest available demonbane spell. If it kills a demon, it refunds its special attack energy cost, and reduces the next attack delay.
29599	Corrupted dark bow	Bow	550	missing		Descent of Darkness: Deal a double attack that inflicts up to 30% more damage (minimum damage of 5 per hit).
29602	Corrupted Volatile Nightmare staff	Staff	550	Magic	org.rsmod.content.other.special.attacks.magic.NightmareStaffSpecialAttacks$StaffAttack	Immolate: Fire a powerful spell with 50% improved accuracy. Damage scales based upon magic level and can be increased with magic damage boosting equipment. Costs no runes to use.
29605	Armadyl godsword (Deadman)	TwoHandedSword	500	Melee	org.rsmod.content.other.special.attacks.melee.MeleeWeaponSpecialAttacks$WeaponAttack	The Judgement: Deal an attack that inflicts 37.5% more damage with double accuracy.
29607	Voidwaker (Deadman)	SlashSword	500	Melee	org.rsmod.content.other.special.attacks.melee.VoidwakerSpecialAttack$Disrupt	Disrupt: Summon a powerful bolt of lightning that deals guaranteed magic damage based on your max hit.
29609	Volatile Nightmare staff (Deadman)	Staff	550	Magic	org.rsmod.content.other.special.attacks.magic.NightmareStaffSpecialAttacks$StaffAttack	Immolate: Fire a powerful spell with 50% improved accuracy. Damage scales based upon magic level and can be increased with magic damage boosting equipment. Costs no runes to use.
29611	Dark bow (Deadman)	Bow	550	missing		Descent of Darkness: Deal a double attack that inflicts up to 30% more damage (minimum damage of 5 per hit).
29796	Noxious halberd	Polearm	500	missing		Virulence: Instantly metabolize any poison you are suffering from to buff your next attack by that amount of damage.
29849	Blue Moon spear	BladedStaff	500	missing		Break Shackles: Attack with increased accuracy and damage based on the duration of any binding spells affecting them and ending said effect. This special attack requires the full Blue Moon set to be worn.
29850	Dual macuahuitl	Spiked	250	missing		Blood infusion: Sacrifice 25% of your current hp to deal an attack with 25% increased accuracy and damage, with a guaranteed set effect activation on hit. This special attack requires the full Bloodrager set to be worn.
29851	Eclipse atlatl	Bow	500	missing		Eclipse: Attack with 50% increased accuracy, consuming all remaining burn damage affecting the target and raising the max hit by that amount. This special attack requires the full Eclipse set to be worn.
30305	Arclight (inactive)	SlashSword	500	Melee	org.rsmod.content.other.special.attacks.melee.DemonbaneSpecialAttacks$Weaken	Weaken: Temporarily drain your target's Attack, Strength and Defence by 5%. Is twice as effective against demons.
30340	Crystal dagger (perfected)	StabSword	250	missing		Crystalline Severance: Launch a powerful attack the pierces the Crystalline Hunllef's prayers and disables them briefly.
30342	Infernal harpoon (or)	StabSword	1000	Instant	org.rsmod.content.other.special.attacks.boost.StatBoostSpecialAttacks$register$27	-
30343	Infernal harpoon (uncharged)	StabSword	1000	Instant	org.rsmod.content.other.special.attacks.boost.StatBoostSpecialAttacks$register$28	-
30345	Infernal pickaxe (or)	Pickaxe	1000	Instant	org.rsmod.content.other.special.attacks.boost.StatBoostSpecialAttacks$register$42	-
30346	Infernal pickaxe (uncharged)	Pickaxe	1000	Instant	org.rsmod.content.other.special.attacks.boost.StatBoostSpecialAttacks$register$43	-
30347	Infernal axe (or)	Axe	1000	Instant	org.rsmod.content.other.special.attacks.boost.StatBoostSpecialAttacks$register$15	-
30348	Infernal axe (uncharged)	Axe	1000	Instant	org.rsmod.content.other.special.attacks.boost.StatBoostSpecialAttacks$register$16	-
30349	Dragon harpoon (or)	StabSword	1000	Instant	org.rsmod.content.other.special.attacks.boost.StatBoostSpecialAttacks$register$29	-
30351	Dragon pickaxe (or)	Pickaxe	1000	Instant	org.rsmod.content.other.special.attacks.boost.StatBoostSpecialAttacks$register$44	-
30352	Dragon axe (or)	Axe	1000	Instant	org.rsmod.content.other.special.attacks.boost.StatBoostSpecialAttacks$register$17	-
30367	The dogsword	TwoHandedSword	500	missing		Echo slash: Launch an attack that applies each of the other godswords' effects.
30369	Sunlight spear	StabSword	7	missing		Sol Slam: Immediately deal an AoE attack around you in a 7x7 radius, increases damage based on your prayer bonus.
30388	Thunder khopesh	SlashSword	500	missing		Lingering Lightning: Attack the target twice, if either attack hits spawn additional lightning wherever the npc was standing, dealing damage to targets around it.
30759	Soulflame horn	Unarmed	250	missing		Entice: Buffs yours and your allies next melee accuracy roll. Costs additional energy per ally affected.
30955	Arkan blade	Unarmed	300	missing		Flames of Ralos: Perform a devastating blow to your enemy with 50% increased accuracy and damage. If your attack successfully hits, the target will burn for 10 damage over 24 seconds.
31113	Eye of Ayak	PoweredStaff	500	Magic	org.rsmod.content.other.special.attacks.magic.AyakSpecialAttack$SoulRend	Soul Rend: Deliver a strike with doubled accuracy and 30% higher max hit, draining Magic Defence equal to the damage dealt.
31583	Rosewood blowpipe	Unarmed	250	missing		Rapid Burst: Fire two darts in rapid succession with 20% reduced accuracy and 10% increased damage.
33035	Toxic staff (uncharged)	Unarmed	1000	Instant	org.rsmod.content.other.special.attacks.magic.StaffProtectionSpecialAttacks$register$1	Power of Death: Reduce all melee damage you receive by 50% for the next minute while the staff remains equipped. Stacks with Protect from Melee.
33036	Toxic staff (Deadman)	Unarmed	1000	Instant	org.rsmod.content.other.special.attacks.magic.StaffProtectionSpecialAttacks$register$1	Power of Death: Reduce all melee damage you receive by 50% for the next minute while the staff remains equipped. Stacks with Protect from Melee.
33038	The dogsword	Unarmed	600	missing		Power of the Gods: Launch an attack that applies each of the other godswords' effects. The ancient godsword blood sacrifice effects are reduced against players to 15 damage, 10 heal.
33041	Thunder khopesh	Unarmed	600	missing		Lightning Strike: Against monsters, attacks twice. If either attack is successful an additional lightning bolt is summoned rolling up to 100% of the original attacks max hit. Against players, increases damage by 30% and summons a barrage of lightning. Each lightning bolt hits between 30% and 45% of your original damage.
33174	Osmumten's fang	Unarmed	250	missing		Eviscerate: Perform an attack with your true maximum hit and a 50% accuracy bonus.
33178	Noxious halberd	Unarmed	500	missing		Virulence: Instantly metabolize any poison you are suffering from to buff your next attack by that amount of damage.
33184	Purging staff	Unarmed	250	missing		Scatter ashes: Casts the highest available demonbane spell. If it kills a demon, it refunds its special attack energy cost, and reduces the next attack delay.
33200	Burning claws	Unarmed	350	missing		Burning barrage: Attacks 3 times in quick succession, with a chance to burn the enemy on each hit.
33243	Infernal tecpatl	Unarmed	500	missing		Brand: Unleash 4 melee hits in quick succession with 25% increased max hit and accuracy.
33249	Fang of the hound	Unarmed	500	missing		Ferocity: Unleash an instant attack on your target.
33255	Lithic sceptre	Unarmed	5	missing		Explosive Shatter: Consume 5 shatter stacks to instantly deal 150% of your max hit as magic damage and up to 75% as typeless damage to 12 enemies within 3 tiles
33335	Soulreaper axe (o)	Unarmed	1	missing		Behead: Consume all Soul Stacks, attacking with increased damage and accuracy per stack.
33460	Dragon crossbow	Unarmed	600	missing		Annihilate: Hit your target with 20% extra damage and in multicombat zones, hit all adjacent targets by 20% less damage.
33631	Crimson kisten	Unarmed	500	missing		Brutal Swing: Rolls accuracy 4 times. If any hit, the attacks deals 70-110% of your maximum hit. Each additional successful hit increases both the minimum and maximum hit by 20%
33718	Hallowed flail	Unarmed	100	missing		Retainer: Traps a vampyre juvenile or juvinate provided they have 50% or less hitpoints remaining.
33722	Sunspear	Unarmed	500	missing		Seeking Lunge: Always deals 70% of your maximum damage on a successful hit. If a monster has less health than this attack would deal, the attack always rolls exactly 70% of its maximum accuracy roll.
