# Agility shortcuts: loc, op, level, xp, ticks, origin tile, destination tile, requirements.
#
# Tiles, levels and gates come from the shortest-path RuneLite plugin's
# agility_shortcuts.tsv (https://github.com/Skretzo/shortest-path), BSD 2-Clause,
# Copyright (c) 2021 Skretzo. Xp is the wiki's, matched by loc id. Every loc, varbit and varp
# id was resolved to this cache's gameval symbols at generation time, so no raw id is here.
#
# Requirements are ';' separated: another skill (ranged=37), gear (gear=grapple) with the
# Agility level that crosses without it (bare=48), a quest
# (quest=quest_regicide, checked through the realm's quest requirement mode) or a raw var
# comparison (var=varbit.falador_diary_hard_complete>=1).
#
# A shortcut that can be failed carries its odds out of 256, the xp a fail still pays and the
# damage it deals, as low/high/failxp/damage - the wiki's numbers, blank where it cannot fail.
#
# symbol	op	level	xp	ticks	origin	destination	requirements	fail
loc.hosidiusquest_rock_snake	Climb	1	0	4	1686,9755,0	1688,9755,0		
loc.karam_dungeon_bamboo_logbalance1	Walk-across	1	0	7	2682,9506,0	2687,9506,0		
loc.karam_dungeon_bamboo_logbalance3	Walk-across	1	0	7	2687,9506,0	2682,9506,0		
loc.karam_dungeon_pipe	Squeeze-through	1	0	10	2698,9492,0	2698,9500,0		
loc.karam_dungeon_pipe	Squeeze-through	1	0	10	2698,9500,0	2698,9492,0		
loc.karam_dungeon_pipe2	Squeeze-through	1	8.5	10	2655,9566,0	2655,9573,0		
loc.karam_dungeon_pipe2	Squeeze-through	1	8.5	10	2655,9573,0	2655,9566,0		
loc.karam_dungeon_stone1	Jump-from	1	7.5	7	2649,9562,0	2647,9557,0		
loc.karam_dungeon_stone2	Jump-from	1	7.5	7	2647,9557,0	2649,9562,0		
loc.regicide_pitfall_side	Jump	1	0	4	2209,3201,0	2209,3205,0		
loc.regicide_pitfall_side	Jump	1	0	4	2209,3205,0	2209,3201,0		
loc.regicide_pitfall_side	Jump	1	0	4	2267,3201,0	2267,3205,0		
loc.regicide_pitfall_side	Jump	1	0	4	2267,3205,0	2267,3201,0		
loc.regicide_pitfall_side	Jump	1	0	4	2274,3172,0	2274,3176,0		
loc.regicide_pitfall_side	Jump	1	0	4	2274,3176,0	2274,3172,0		
loc.regicide_pitfall_side	Jump	1	0	4	2275,3262,0	2279,3262,0		
loc.regicide_pitfall_side	Jump	1	0	4	2279,3262,0	2275,3262,0		
loc.regicide_trap_tripwire	Step-over	1	0	8	2215,3153,0	2215,3156,0		
loc.regicide_trap_tripwire	Step-over	1	0	8	2215,3156,0	2215,3153,0		
loc.regicide_trap_tripwire	Step-over	1	0	8	2220,3152,0	2220,3155,0		
loc.regicide_trap_tripwire	Step-over	1	0	8	2220,3155,0	2220,3152,0		
loc.regicide_trap_tripwire	Step-over	1	0	8	2250,3168,0	2253,3168,0		
loc.regicide_trap_tripwire	Step-over	1	0	8	2253,3168,0	2250,3168,0		
loc.regicide_trap_tripwire	Step-over	1	0	8	2284,3188,0	2287,3188,0		
loc.regicide_trap_tripwire	Step-over	1	0	8	2287,3188,0	2284,3188,0		
loc.regicide_trap_tripwire	Step-over	1	0	8	2294,3242,0	2294,3245,0		
loc.regicide_trap_tripwire	Step-over	1	0	8	2294,3245,0	2294,3242,0		
loc.regicide_trap_woodspring	Pass	1	0	6	2181,3208,0	2181,3212,0		
loc.regicide_trap_woodspring	Pass	1	0	6	2181,3212,0	2181,3208,0		
loc.regicide_trap_woodspring	Pass	1	0	6	2199,3169,0	2202,3169,0		
loc.regicide_trap_woodspring	Pass	1	0	6	2202,3169,0	2199,3169,0		
loc.regicide_trap_woodspring	Pass	1	0	6	2234,3181,0	2238,3181,0		
loc.regicide_trap_woodspring	Pass	1	0	6	2238,3181,0	2234,3181,0		
loc.regicide_trap_woodspring	Pass	1	0	6	2256,3227,0	2260,3227,0		
loc.regicide_trap_woodspring	Pass	1	0	6	2260,3227,0	2256,3227,0		
loc.regicide_trap_woodspring	Pass	1	0	6	2274,3163,0	2277,3163,0		
loc.regicide_trap_woodspring	Pass	1	0	6	2277,3163,0	2274,3163,0		
loc.regicide_trap_woodspring	Pass	1	0	6	2295,3213,0	2295,3217,0		
loc.regicide_trap_woodspring	Pass	1	0	6	2295,3217,0	2295,3213,0		
loc.swamp_cave_steppingstone_a	Jump-across	1	3	4	3204,9572,0	3208,9572,0		51/252/1/
loc.swamp_cave_steppingstone_a	Jump-across	1	3	4	3208,9572,0	3204,9572,0		51/252/1/
loc.swamp_cave_steppingstone_b	Jump-across	1	3	4	3221,9552,0	3221,9556,0		51/252/1/
loc.swamp_cave_steppingstone_b	Jump-across	1	3	4	3221,9556,0	3221,9552,0		51/252/1/
loc.xbows_fai_falador_castle_walls_crenalation	Jump	4	0	3	3032,3389,1	3032,3388,0		
loc.xbows_fai_falador_castle_walls_battlement	Jump	4	0	3	3033,3389,1	3033,3390,0		
loc.xbows_yanille_castlewall_battlement	Jump	4	0	3	2556,3073,1	2556,3072,0		
loc.xbows_yanille_castlewall_battlement	Jump	4	0	3	2556,3074,1	2556,3075,0		
loc.fai_falador_castle_crumble_mid	Climb-over	5	0.5	3	2934,3355,0	2936,3355,0		
loc.fai_falador_castle_crumble_mid	Climb-over	5	0.5	3	2936,3355,0	2934,3355,0		
loc.watchshortcut	Climb-up	5	25	2	2561,3108,0	2561,3111,0		
loc.xbows_raft_br	Grapple	8	0	3	3246,3179,0	3259,3179,0	ranged=37;strength=19;gear=grapple;bare=48	
loc.xbows_raft_br	Grapple	8	0	3	3259,3179,0	3246,3179,0	ranged=37;strength=19;gear=grapple;bare=48	
loc.ds2_corsair_cove_shortcut	Climb	10	1	3	2546,2871,0	2546,2873,0		
loc.ds2_corsair_cove_shortcut	Climb	10	1	3	2546,2873,0	2546,2871,0		
loc.xbows_fai_falador_castle_arches_hillskew	Grapple	11	0	3	3032,3388,0	3032,3389,1	ranged=19;strength=37;gear=grapple	
loc.xbows_fai_falador_castle_walls_hillskew	Grapple	11	0	3	3033,3390,0	3033,3389,1	ranged=19;strength=37;gear=grapple	
loc.lost_tribe_cavewall_hole_walldecor	Squeeze-through	13	0	3	3219,9618,0	3221,9618,0	quest=quest_losttribe	
loc.lost_tribe_cavewall_hole_walldecor	Squeeze-through	13	0	3	3221,9618,0	3219,9618,0	quest=quest_losttribe	
loc.lumbridge_sc_fencejump	Jump-over	13	0	2	3240,3334,0	3240,3335,0		
loc.lumbridge_sc_fencejump	Jump-over	13	0	2	3240,3335,0	3240,3334,0		
loc.burthorpe_diary_shortcut	Manoeuvre-past	14	0	5	2926,3522,0	2928,3520,0	var=varbit.falador_diary_easy_complete=1	
loc.burthorpe_diary_shortcut	Manoeuvre-past	14	0	5	2927,3523,0	2928,3520,0	var=varbit.falador_diary_easy_complete=1	
loc.burthorpe_diary_shortcut	Manoeuvre-past	14	0	5	2928,3520,0	2927,3523,0	var=varbit.falador_diary_easy_complete=1	
loc.ds2_ogre_corsair_dungeon_shortcut	Jump-to	15	2	5	1981,8994,1	1981,8998,1	var=varbit.corsair_cove_resource_entry=1	
loc.ds2_ogre_corsair_dungeon_shortcut	Jump-to	15	2	5	1981,8998,1	1981,8994,1	var=varbit.corsair_cove_resource_entry=1	
loc.ds2_ogre_corsair_dungeon_shortcut	Jump-to	15	2	6	1981,8999,1	1981,8994,1	var=varbit.corsair_cove_resource_entry=1	
loc.troll_climbingrocks	Climb	15	0	3	2820,3635,0	2822,3635,0	gear=boots	
loc.troll_climbingrocks	Climb	15	0	3	2856,3611,0	2856,3613,0	gear=boots	
loc.troll_climbingrocks	Climb	15	0	3	2857,3611,0	2857,3613,0	gear=boots	
loc.zqclimbingrocks	Climb	15	0	5	2791,2978,0	2795,2978,0		
loc.zqclimbingrocks	Climb	15	0	5	2791,2979,0	2795,2979,0		
loc.zqclimbingrocks	Climb	15	0	5	2791,2980,0	2795,2980,0		
loc.zqclimbingrocks	Climb	15	0	5	2795,2978,0	2791,2978,0		
loc.zqclimbingrocks	Climb	15	0	5	2795,2979,0	2791,2979,0		
loc.zqclimbingrocks	Climb	15	0	5	2795,2980,0	2791,2980,0		
loc.yanille_castlehole_sc	Climb-into	16	0	3	2575,3112,0	2575,3107,0		
loc.zeah_cata_crack	Squeeze-through	17	0	3	1645,10000,0	1647,10010,0		
loc.zeah_cata_crack	Squeeze-through	17	0	3	1647,10010,0	1645,10000,0		
loc.dugupsoil_slayer_2	Climb-through	18	0	4	3442,3531,0	3444,3533,0		
loc.dugupsoil_slayer_2	Climb-through	18	0	4	3444,3533,0	3442,3531,0		
loc.gargboss_healsphere_med	Climb	18	0	4	1687,9801,0	1689,9801,0		
loc.gargboss_healsphere_med	Climb	18	0	4	1689,9801,0	1687,9801,0		
loc.hosidiusquest_stone	Cross	18	0	8	1702,9800,0	1708,9800,0		
loc.hosidiusquest_stone	Cross	18	0	8	1708,9800,0	1702,9800,0		
loc.qip_watchtower_trellis_base	Climb-up	18	0	3	2548,3119,0	2548,3117,1		
loc.slayertower_window_shortcut_through	Climb-through	18	3	4	3442,3531,0	3444,3533,0		
loc.slayertower_window_shortcut_through	Climb-through	18	3	4	3444,3533,0	3442,3531,0		
loc.mine_log_balance1	Walk-across	20	8.5	3	2598,3477,0	2603,3477,0		
loc.mine_log_balance1	Walk-across	20	8.5	3	2599,3476,0	2603,3477,0		
loc.mine_log_balance1	Walk-across	20	8.5	3	2599,3478,0	2603,3477,0		
loc.mine_log_balance1	Walk-across	20	8.5	3	2602,3476,0	2598,3477,0		
loc.mine_log_balance1	Walk-across	20	8.5	3	2602,3478,0	2598,3477,0		
loc.mine_log_balance1	Walk-across	20	8.5	3	2603,3477,0	2598,3477,0		
loc.varrock_sc_tunnel_east	Climb-into	21	0	7	3142,3513,0	3137,3516,0		
loc.varrock_sc_tunnel_west	Climb-into	21	0	7	3137,3516,0	3142,3513,0		
loc.xbows_rock_grappled	Grapple	23	0	3	2449,3155,0	2444,3165,0	ranged=24;strength=28;var=varbit.observatory_shortcut_rope=1	
loc.xbows_rope_diagonal_obs	Climb	23	0	5	2449,3155,0	2444,3165,0	ranged=24;strength=28	
loc.av_lowwall_climb_1	Climb-over	24	6	2	1369,3294,0	1369,3296,0		
loc.av_lowwall_climb_1	Climb-over	24	6	2	1369,3296,0	1369,3294,0		
loc.av_lowwall_climb_1	Climb-over	24	6	2	1387,3301,0	1387,3303,0		
loc.av_lowwall_climb_1	Climb-over	24	6	2	1387,3303,0	1387,3301,0		
loc.av_lowwall_climb_2	Climb-over	24	6	2	1389,3309,0	1391,3309,0		
loc.av_lowwall_climb_2	Climb-over	24	6	2	1391,3309,0	1389,3309,0		
loc.ep_climbing_rocks01	Climb	25	1	6	2322,3502,0	2324,3497,0		
loc.ep_climbing_rocks01	Climb	25	1	6	2324,3497,0	2322,3502,0		
loc.falador_sc_castlewall_north	Climb-into	26	0	3	2948,3313,0	2948,3309,0		
loc.falador_sc_castlewall_south	Climb-into	26	0	3	2948,3309,0	2948,3313,0		
loc.zeah_cata_stepstone	Jump-to	28	2	3	1609,10061,0	1613,10070,0		
loc.zeah_cata_stepstone	Jump-to	28	2	3	1613,10070,0	1609,10061,0		
loc.mount_karuulm_shortcut_rocks_low	Climb	29	0	8	1324,3777,0	1324,3785,0		
loc.mount_karuulm_shortcut_rocks_low	Climb	29	0	8	1324,3785,0	1324,3777,0		
loc.ds2_corsair_shortcut_bottom	Climb-down	30	2	3	2489,2898,0	2485,2898,0	quest=quest_dragonslayer1	
loc.ds2_corsair_shortcut_top	Climb-down	30	2	3	2485,2898,0	2489,2898,0	quest=quest_dragonslayer1	
loc.zqrockjump1	Cross	30	3	2	2925,2949,0	2925,2950,0		50/253/1/
loc.zqrockjump1	Cross	30	3	2	2925,2951,0	2925,2950,0		50/253/1/
loc.zqrockjump2	Cross	30	3	2	2925,2948,0	2925,2949,0		50/253/1/
loc.zqrockjump2	Cross	30	3	2	2925,2950,0	2925,2949,0		50/253/1/
loc.zqrockjump3	Cross	30	3	2	2925,2947,0	2925,2948,0		50/253/1/
loc.zqrockjump3	Cross	30	3	2	2925,2949,0	2925,2948,0		50/253/1/
loc.lumbridge_sc_stepstone	Jump-onto	31	3	4	3149,3363,0	3150,3363,0		
loc.lumbridge_sc_stepstone	Jump-onto	31	3	4	3150,3363,0	3151,3363,0		
loc.lumbridge_sc_stepstone	Jump-onto	31	3	4	3151,3363,0	3152,3363,0		
loc.lumbridge_sc_stepstone	Jump-onto	31	3	4	3152,3363,0	3153,3363,0		
loc.lumbridge_sc_stepstone	Jump-onto	31	3	4	3153,3363,0	3152,3363,0		
loc.lumbridge_sc_stepstone	Jump-onto	31	3	4	3154,3363,0	3153,3363,0		
loc.shilo_river_steppingstone	Cross	32	0	2	2863,2971,0	2863,2976,0		
loc.shilo_river_steppingstone	Cross	32	0	2	2863,2976,0	2863,2971,0		
loc.xbows_rock_hilltop_basic	Grapple	32	0	3	2866,3428,0	2869,3428,0	ranged=35;strength=35;gear=grapple;bare=68	
loc.ardougne_log_balance_left_sc	Walk-across	33	4	3	2598,3336,0	2602,3336,0		90/250/2/2-6
loc.ardougne_log_balance_left_sc	Walk-across	33	4	3	2599,3337,0	2602,3336,0		90/250/2/2-6
loc.ardougne_log_balance_right_sc	Walk-across	33	4	3	2602,3336,0	2598,3336,0		90/250/2/2-6
loc.av_tunnel_1	Climb-into	33	7.5	5	1368,3323,0	1368,3327,0		
loc.av_tunnel_1	Climb-into	33	7.5	5	1368,3327,0	1368,3323,0		
loc.zeah_cata_crack	Squeeze-through	34	0	2	1706,10078,0	1716,10056,0		
loc.zeah_cata_crack	Squeeze-through	34	0	2	1716,10056,0	1706,10078,0		
loc.agility_obstical_pipe_barbarian	Squeeze-through	35	0	5	2552,3558,0	2552,3561,0		
loc.agility_obstical_pipe_barbarian	Squeeze-through	35	0	5	2552,3561,0	2552,3558,0		
loc.garden_trellis_concave_shortcut	Climb	35	0	5	3228,3470,0	3228,3471,0		
loc.av_stepstone_1	Cross	36	0	7	1393,3309,0	1399,3309,0		
loc.av_stepstone_1	Cross	36	0	7	1399,3309,0	1393,3309,0		
loc.xbows_beach_to_island_tree_basic	Grapple	36	0	3	2841,3427,0	2841,3433,0	ranged=39;strength=22;gear=grapple;bare=72	
loc.gnome_stronghold_sc_rock_bottom	Climb	37	0	9	2489,3521,0	2486,3515,0	quest=quest_grandtree	
loc.gnome_stronghold_sc_rock_top	Climb	37	0	9	2486,3515,0	2489,3521,0	quest=quest_grandtree	
loc.alkharid_mine_sc_bottom	Climb	38	0	3	3302,3315,0	3306,3315,0		
loc.alkharid_mine_sc_top	Climb	38	0	3	3306,3315,0	3302,3315,0		
loc.xbows_yanille_castlewall	Grapple	39	0	3	2556,3072,0	2556,3073,1	ranged=21;strength=38;gear=grapple	
loc.xbows_yanille_castlewall	Grapple	39	0	3	2556,3075,0	2556,3074,1	ranged=21;strength=38;gear=grapple	
loc.balancing_ledge3	Walk-across	40	0	9	2580,9512,0	2580,9520,0		
loc.balancing_ledge3	Walk-across	40	0	9	2580,9520,0	2580,9512,0		
loc.obstical_pipe4	Squeeze-through	40	0	10	2578,9506,0	2572,9506,0		
loc.tlati_north_river_log_balance_1	Walk-across	40	0	10	1283,3138,0	1283,3147,0		
loc.tlati_north_river_log_balance_1	Walk-across	40	0	10	1283,3147,0	1283,3138,0		
loc.zeah_lake_shortcut_hosidius	Cross	40	0	2	1610,3570,0	1614,3570,0		
loc.zeah_lake_shortcut_hosidius	Cross	40	0	2	1614,3570,0	1610,3570,0		
loc.zeah_lake_shortcut_shayzien	Cross	40	0	2	1603,3571,0	1607,3571,0		
loc.zeah_lake_shortcut_shayzien	Cross	40	0	2	1607,3571,0	1603,3571,0		
loc.asc_troll_mountain_climbrock_1	Climb	41	0	3	2869,3671,0	2872,3671,0		170/253/0/
loc.asc_troll_mountain_climbrock_1	Climb	41	0	3	2872,3671,0	2869,3671,0		170/253/0/
loc.av_scramble_1	Climb	41	9.5	6	1391,3323,0	1396,3323,0		
loc.av_scramble_1	Climb	41	9.5	6	1396,3323,0	1391,3323,0		
loc.draynor_diary_under_wall_e	Climb-into	42	0	3	3070,3257,0	3066,3257,0		
loc.draynor_diary_under_wall_w	Climb-into	42	0	3	3066,3257,0	3070,3257,0		
loc.dwarf_mines_sc_wall_crack	Squeeze-through	42	0	3	3028,9806,0	3035,9806,0		
loc.dwarf_mines_sc_wall_crack	Squeeze-through	42	0	3	3035,9806,0	3028,9806,0		
loc.asc_troll_mountain_climbrock_2	Climb	43	0	3	2877,3666,0	2878,3668,0		170/253/0/
loc.asc_troll_mountain_climbrock_2	Climb	43	0	3	2878,3665,0	2878,3668,0		170/253/0/
loc.asc_troll_mountain_climbrock_2	Climb	43	0	3	2878,3668,0	2878,3665,0		170/253/0/
loc.asc_troll_mountain_climbrock_2	Climb	43	0	3	2879,3667,0	2878,3665,0		170/253/0/
loc.tlati_tree_area_shortcut_top	Climb	43	0	4	1270,3002,0	1274,3002,0		
loc.tlati_tree_area_shortcut_top	Climb	43	0	4	1274,3002,0	1270,3002,0		
loc.troll_mountain_shortcut_climbingrocks1	Climb	43	0	3	2884,3683,0	2886,3683,0		
loc.troll_mountain_shortcut_climbingrocks1	Climb	43	0	3	2886,3683,0	2884,3683,0		
loc.troll_mountain_shortcut_climbingrocks2	Climb	43	0	3	2884,3684,0	2886,3684,0		
loc.troll_mountain_shortcut_climbingrocks2	Climb	43	0	3	2886,3684,0	2884,3684,0		
loc.asc_troll_mountain_climbrock_3	Climb	44	0	3	2907,3682,0	2909,3684,0		170/253/0/
loc.asc_troll_mountain_climbrock_3	Climb	44	0	3	2909,3684,0	2907,3682,0		170/253/0/
loc.av_balance_1	Walk-across	45	0	9	1401,3283,0	1401,3291,0		
loc.av_balance_1	Walk-across	45	0	9	1401,3291,0	1401,3283,0		
loc.av_balance_2	Walk-across	45	19.5	8	1453,3329,0	1453,3336,0		
loc.av_balance_2	Walk-across	45	19.5	8	1453,3336,0	1453,3329,0		
loc.proudspire_climbing_rocks_dark01_op	Climb	45	0	3	1586,3261,0	1591,3257,0		
loc.proudspire_climbing_rocks_dark01_op	Climb	45	0	3	1587,3262,0	1591,3257,0		
loc.proudspire_climbing_rocks_dark01_op	Climb	45	0	8	1590,3257,0	1586,3262,0		
loc.proudspire_climbing_rocks_dark01_op	Climb	45	0	8	1591,3258,0	1586,3262,0		
loc.regicide_logbalance1_start	Cross	45	0	8	2196,3237,0	2202,3237,0		
loc.regicide_logbalance1_start	Cross	45	0	8	2202,3237,0	2196,3237,0		
loc.regicide_logbalance2_start	Cross	45	0	8	2258,3250,0	2264,3250,0		
loc.regicide_logbalance2_start	Cross	45	0	8	2264,3250,0	2258,3250,0		
loc.regicide_logbalance3_start	Cross	45	0	9	2290,3232,0	2290,3239,0		
loc.regicide_logbalance3_start	Cross	45	0	9	2290,3239,0	2290,3232,0		
loc.zeah_saltpetre_shortcut	Cross	45	0	2	1720,3551,0	1724,3551,0		
loc.zeah_saltpetre_shortcut	Cross	45	0	2	1724,3551,0	1720,3551,0		
loc.fairy_sc_juttingwall	Squeeze-past	46	0	2	2400,4402,0	2400,4404,0		
loc.fairy_sc_juttingwall	Squeeze-past	46	0	2	2400,4404,0	2400,4402,0		
loc.asc_troll_mountain_climbrock_4	Climb	47	8	3	2900,3680,0	2903,3680,0		170/253/0/
loc.asc_troll_mountain_climbrock_4	Climb	47	8	3	2901,3679,0	2903,3680,0		170/253/0/
loc.asc_troll_mountain_climbrock_4	Climb	47	8	3	2902,3681,0	2900,3680,0		170/253/0/
loc.asc_troll_mountain_climbrock_4	Climb	47	8	3	2903,3680,0	2900,3680,0		170/253/0/
loc.ralos_rise_sc	Climb	47	0	8	1455,3128,0	1465,3128,0		
loc.ralos_rise_sc	Climb	47	0	8	1465,3128,0	1455,3128,0		
loc.snakeboss_crate	Cross	47	0	5	2449,3155,0	2444,3165,0	quest=quest_regicide	
loc.slayer_river_sc_logbalance_1	Walk-across	48	4	4	2722,3596,0	2722,3592,0		140/255/0/
loc.slayer_river_sc_logbalance_3	Walk-across	48	4	4	2722,3592,0	2722,3596,0		140/255/0/
loc.archeuus_runestone_shortcut_boulder	Jump	49	0	4	1776,3884,0	1776,3880,0		
loc.crumbled_wall	Jump-over	50	0	3	2789,9296,0	2790,9295,0	quest=quest_legends	
loc.crumbled_wall	Jump-over	50	0	3	2790,9295,0	2789,9296,0	quest=quest_legends	
loc.fairy_island_nature_grotto_shortcut	Cross	50	0	3	3417,3325,0	3422,3325,0		
loc.fairy_island_nature_grotto_shortcut	Cross	50	0	3	3422,3325,0	3417,3325,0		
loc.great_conch_cliff_shortcut_town_bottom	Climb	50	0	3	3180,2432,0	3180,2434,0		
loc.great_conch_cliff_shortcut_town_top	Climb	50	0	3	3180,2434,0	3180,2432,0		
loc.varrock_dungeon_pipe_sc	Squeeze-through	51	10	3	3149,9906,0	3155,9906,0		
loc.varrock_dungeon_pipe_sc	Squeeze-through	51	10	3	3150,9905,0	3155,9906,0		
loc.varrock_dungeon_pipe_sc	Squeeze-through	51	10	3	3150,9907,0	3155,9906,0		
loc.varrock_dungeon_pipe_sc	Squeeze-through	51	10	3	3154,9905,0	3149,9906,0		
loc.varrock_dungeon_pipe_sc	Squeeze-through	51	10	3	3154,9907,0	3149,9906,0		
loc.varrock_dungeon_pipe_sc	Squeeze-through	51	10	3	3155,9906,0	3149,9906,0		
loc.archeuus_runestone_shortcut_midgrey_bottom	Climb	52	0	3	1769,3849,0	1774,3849,0		
loc.archeuus_runestone_shortcut_midgrey_bottom	Climb	52	0	3	1774,3849,0	1769,3849,0		
loc.xbows_jungletree_karamja_basic	Grapple	53	0	3	2874,3127,0	2874,3133,0	ranged=42;strength=21;gear=grapple;bare=78	
loc.xbows_jungletree_karamja_basic	Grapple	53	0	3	2874,3133,0	2874,3127,0	ranged=42;strength=21;gear=grapple;bare=78	
loc.xbows_jungletree_karamja_basic	Grapple	53	0	3	2874,3136,0	2874,3142,0	ranged=42;strength=21;gear=grapple;bare=78	
loc.xbows_jungletree_karamja_basic	Grapple	53	0	3	2874,3142,0	2874,3136,0	ranged=42;strength=21;gear=grapple;bare=78	
loc.aldarin_cliff_shortcut_bottom	Climb	54	0	4	1338,2917,0	1343,2917,0		
loc.aldarin_cliff_shortcut_bottom	Climb	54	0	4	1343,2917,0	1338,2917,0		
loc.misc_diary_steppingstone	Cross	55	0	3	2573,3859,0	2575,3861,0		
loc.misc_diary_steppingstone	Cross	55	0	3	2575,3861,0	2573,3859,0		
loc.karamja_dungeon_stepping_stone_end	Cross	56	0	4	2682,9548,0	2690,9547,0		
loc.karamja_dungeon_stepping_stone_end	Cross	56	0	4	2697,9525,0	2695,9533,0		
loc.viking_pike_defence_broken	Jump	57	0	3	2688,3697,0	2691,3697,0		
loc.viking_pike_defence_broken	Jump	57	0	3	2691,3697,0	2688,3697,0		
loc.elves_overpass_sc_rocks_bottom	Climb	59	0	6	2346,3300,0	2344,3294,0		
loc.elves_overpass_sc_rocks_top	Climb	59	0	8	2344,3294,0	2346,3300,0		
loc.godwars_climbing_rocks_down	Climb	60	0	3	2927,3761,0	2928,3757,0		
loc.godwars_climbing_rocks_up	Climb	60	0	3	2927,3758,0	2927,3761,0		
loc.godwars_climbing_rocks_up	Climb	60	0	3	2928,3757,0	2927,3761,0		
loc.godwars_climbing_rocks_up	Climb	60	0	3	2929,3758,0	2927,3761,0		
loc.mos_les_stepping_stone	Jump-to	60	0	3	3708,2969,0	3714,2969,0		
loc.mos_les_stepping_stone	Jump-to	60	0	3	3714,2969,0	3708,2969,0		
loc.slayer_dungeon_2_sc_wall_crack	Squeeze-through	61	0	3	2730,10008,0	2735,10008,0		
loc.slayer_dungeon_2_sc_wall_crack	Squeeze-through	61	0	3	2735,10008,0	2730,10008,0		
loc.slayertower_sc_chainbottom	Climb-up	61	0	3	3421,3550,0	3421,3550,1		
loc.slayertower_sc_chainbottom	Climb-up	61	0	3	3422,3549,0	3422,3549,1		
loc.slayertower_sc_chainbottom	Climb-up	61	0	3	3422,3551,0	3422,3551,1		
loc.slayertower_sc_chainbottom	Climb-up	61	0	3	3423,3550,0	3423,3550,1		
loc.slayertower_sc_chaintop	Climb-down	61	0	3	3421,3550,1	3421,3550,0		
loc.slayertower_sc_chaintop	Climb-down	61	0	3	3422,3549,1	3422,3549,0		
loc.slayertower_sc_chaintop	Climb-down	61	0	3	3422,3551,1	3422,3551,0		
loc.slayertower_sc_chaintop	Climb-down	61	0	3	3423,3550,1	3423,3550,0		
loc.mount_karuulm_shortcut_rocks	Climb	62	0	8	1324,3787,0	1324,3795,0		
loc.mount_karuulm_shortcut_rocks	Climb	62	0	8	1324,3795,0	1324,3787,0		
loc.necropolis_stepping_stone_1	Cross	62	0	3	3289,2700,0	3295,2700,0		
loc.necropolis_stepping_stone_1	Cross	62	0	3	3295,2700,0	3289,2700,0		
loc.necropolis_stepping_stone_2	Cross	62	0	3	3295,2704,0	3295,2708,0		
loc.necropolis_stepping_stone_2	Cross	62	0	3	3295,2708,0	3295,2704,0		
loc.darkm_outer_wall_2h_shortcut	Climb	63	0	3	3667,3375,0	3670,3375,0	var=varbit.darkm_shortcut_inner=1	
loc.darkm_outer_wall_2h_shortcut	Climb	63	0	3	3670,3375,0	3667,3375,0	var=varbit.darkm_shortcut_inner=1	
loc.darkm_outer_wall_3h_shortcut	Climb	63	0	3	3670,3375,0	3673,3375,0	var=varbit.darkm_shortcut_outer=1	
loc.darkm_outer_wall_3h_shortcut	Climb	63	0	3	3672,3374,0	3670,3375,0	var=varbit.darkm_shortcut_outer=1	
loc.darkm_outer_wall_3h_shortcut	Climb	63	0	3	3672,3376,0	3670,3375,0	var=varbit.darkm_shortcut_outer=1	
loc.darkm_outer_wall_3h_shortcut	Climb	63	0	3	3673,3375,0	3670,3375,0	var=varbit.darkm_shortcut_outer=1	
loc.deepdungeonlooserailing	Squeeze-through	63	0	3	2935,9810,0	2936,9810,0		
loc.deepdungeonlooserailing	Squeeze-through	63	0	3	2936,9810,0	2935,9810,0		
loc.hosdun_agility_shortcut	Jump-over	63	10	2	1820,9945,0	1820,9947,0		
loc.hosdun_agility_shortcut	Jump-over	63	10	2	1820,9947,0	1820,9945,0		
loc.priestperil_tomb_cornerl	Jump-over	63	0	4	1820,9944,0	1820,9946,0		
loc.priestperil_tomb_cornerl	Jump-over	63	0	4	1820,9946,0	1820,9944,0		
loc.fossil_volcano_agility_rope_bottom	Climb	64	0	6	3778,3821,0	3784,3821,0		
loc.fossil_volcano_agility_rope_top	Climb	64	0	6	3784,3821,0	3778,3821,0		
loc.trollheim_wildy_climb_rocks	Climb	64	0	3	2915,3672,0	2918,3672,0		
loc.trollheim_wildy_climb_rocks	Climb	64	0	3	2918,3672,0	2915,3672,0		
loc.trollheim_wildy_climb_rocks	Climb	64	0	3	2921,3672,0	2924,3673,0		
loc.trollheim_wildy_climb_rocks	Climb	64	0	3	2924,3673,0	2921,3672,0		
loc.trollheim_wildy_climb_rocks	Climb	64	0	3	2946,3678,0	2949,3681,0		
loc.morytania_climbingrocks_sc_bottom	Climb	65	0	3	3426,3478,0	3424,3476,0		
loc.morytania_climbingrocks_sc_bottom	Climb	65	0	3	3427,3477,0	3424,3476,0		
loc.morytania_climbingrocks_sc_top	Climb	65	0	3	3424,3476,0	3427,3477,0		
loc.morytania_railing_sc_fence_1	Squeeze-through	65	0	3	3423,3476,0	3424,3476,0		
loc.morytania_railing_sc_fence_1	Squeeze-through	65	0	3	3424,3476,0	3423,3476,0		
loc.morytania_railing_sc_fence_2	Squeeze-through	65	0	3	3425,3483,0	3425,3484,0		
loc.morytania_railing_sc_fence_2	Squeeze-through	65	0	3	3425,3484,0	3425,3483,0		
loc.fairy_sc_juttingwall	Squeeze-past	66	0	2	2409,4400,0	2409,4402,0		
loc.fairy_sc_juttingwall	Squeeze-past	66	0	2	2409,4402,0	2409,4400,0		
loc.lumbridge_diary_desert_shortcut	Jump-to	66	0	3	3212,3137,0	3214,3132,0		
loc.lumbridge_diary_desert_shortcut	Jump-to	66	0	3	3212,3138,0	3214,3131,0		
loc.lumbridge_diary_desert_shortcut	Jump-to	66	0	3	3214,3131,0	3212,3138,0		
loc.lumbridge_diary_desert_shortcut	Jump-to	66	0	3	3214,3132,0	3212,3137,0		
loc.tavelryshortcut	Climb-up	66	25	2	2946,3439,0	2943,3439,0		
loc.climbingcaverocks1	Climb-up	67	0	3	2616,9571,0	2615,9506,0		
loc.climbingcaverocks1	Climb-up	67	0	3	2617,9571,0	2615,9506,0		
loc.climbingcaverocks2	Climb-down	67	0	3	2614,9504,0	2616,9571,0		
loc.climbingcaverocks2	Climb-down	67	0	3	2614,9505,0	2616,9571,0		
loc.climbingcaverocks2	Climb-down	67	0	3	2615,9503,0	2616,9571,0		
loc.climbingcaverocks2	Climb-down	67	0	3	2615,9506,0	2616,9571,0		
loc.climbingcaverocks2	Climb-down	67	0	3	2616,9503,0	2616,9571,0		
loc.climbingcaverocks2	Climb-down	67	0	3	2616,9506,0	2616,9571,0		
loc.elves_overpass_sc_rocks_bottom	Climb	68	0	8	2338,3286,0	2338,3281,0		
loc.elves_overpass_sc_rocks_top	Climb	68	0	4	2338,3281,0	2338,3286,0		
loc.ice_mountain_shortcut_bottom	Climb	68	0	5	2997,3483,0	3002,3483,0		
loc.ice_mountain_shortcut_top	Climb	68	0	5	3002,3483,0	2997,3483,0		
loc.archeuus_runestone_shortcut_grey_shortcut_north	Climb	69	0	2	1761,3872,0	1761,3874,0		
loc.archeuus_runestone_shortcut_grey_shortcut_north	Climb	69	0	2	1761,3874,0	1761,3872,0		
loc.darkm_wall_rock_shortcut	Jump-over	69	0	3	3565,3379,0	3562,3379,0	quest=quest_sinsofthefather	
loc.fenk_bridge_multi_north	Cross	69	0	4	3503,3562,0	3503,3559,0	var=varbit.fenk_built_bridge_north=2;var=varbit.fenk_built_bridge_south=2	
loc.fenk_bridge_multi_north_mirror	Cross	69	0	4	3504,3562,0	3504,3559,0	var=varbit.fenk_built_bridge_north=2;var=varbit.fenk_built_bridge_south=2	
loc.fenk_bridge_multi_south	Cross	69	0	4	3504,3559,0	3504,3562,0	var=varbit.fenk_built_bridge_north=2;var=varbit.fenk_built_bridge_south=2	
loc.fenk_bridge_multi_south_mirror	Cross	69	0	4	3503,3559,0	3503,3562,0	var=varbit.fenk_built_bridge_north=2;var=varbit.fenk_built_bridge_south=2	
loc.hh_master005	Jump-over	69	0	3	3562,3379,0	3565,3379,0	quest=quest_sinsofthefather	
loc.fossil_shortcut_basecamp_a	Climb	70	0	2	3713,3830,0	3715,3815,0		
loc.fossil_shortcut_basecamp_a	Climb	70	0	2	3714,3830,0	3715,3815,0		
loc.fossil_shortcut_basecamp_a	Climb	70	0	2	3715,3830,0	3715,3815,0		
loc.fossil_shortcut_basecamp_b	Climb	70	0	2	3713,3816,0	3713,3830,0		
loc.fossil_shortcut_basecamp_b	Climb	70	0	2	3714,3815,0	3713,3830,0		
loc.fossil_shortcut_basecamp_b	Climb	70	0	2	3715,3815,0	3713,3830,0		
loc.fossil_shortcut_basecamp_b	Climb	70	0	2	3716,3815,0	3713,3830,0		
loc.fossil_shortcut_basecamp_b	Climb	70	0	2	3717,3815,0	3713,3830,0		
loc.fossil_shortcut_basecamp_b	Climb	70	0	2	3718,3816,0	3713,3830,0		
loc.kharid_poshwall_topless	Climb	70	0	3	3295,3157,0	3295,3159,0		
loc.taverly_dungeon_pipe_sc	Squeeze-through	70	10	3	2886,9799,0	2892,9799,0		0/254/0/
loc.taverly_dungeon_pipe_sc	Squeeze-through	70	10	3	2892,9799,0	2886,9799,0		0/254/0/
loc.polli_stepping_stone	Cross	71	25	2	3372,2959,0	3373,2955,0		
loc.polli_stepping_stone	Cross	71	25	2	3373,2955,0	3372,2959,0		
loc.proudspire_climbing_rocks_grey03_op	Climb	71	0	8	1576,3254,0	1581,3249,0		
loc.proudspire_climbing_rocks_grey03_op	Climb	71	0	3	1581,3249,0	1576,3254,0		
loc.slayertower_sc_chainbottom	Climb-up	71	0	3	3446,3576,1	3446,3576,2		
loc.slayertower_sc_chainbottom	Climb-up	71	0	3	3447,3575,1	3447,3575,2		
loc.slayertower_sc_chainbottom	Climb-up	71	0	3	3447,3577,1	3447,3577,2		
loc.slayertower_sc_chainbottom	Climb-up	71	0	3	3448,3576,1	3448,3576,2		
loc.slayertower_sc_chaintop	Climb-down	71	0	3	3446,3576,2	3446,3576,1		
loc.slayertower_sc_chaintop	Climb-down	71	0	3	3447,3575,2	3447,3575,1		
loc.slayertower_sc_chaintop	Climb-down	71	0	3	3447,3577,2	3447,3577,1		
loc.slayertower_sc_chaintop	Climb-down	71	0	3	3448,3576,2	3448,3576,1		
loc.wilderness_chaos_temple_shortcut	Cross	72	0	2	3268,3625,0	3268,3629,0		
loc.wilderness_chaos_temple_shortcut	Cross	72	0	2	3268,3629,0	3268,3625,0		
loc.archeuus_runestone_shortcut_grey_top	Climb	73	0	4	1742,3854,0	1752,3854,0		
loc.diary_troll_climbingrocks	Climb	73	0	3	2838,3693,0	2844,3693,0		
loc.diary_troll_climbingrocks	Climb	73	0	3	2843,3692,0	2838,3693,0		
loc.diary_troll_climbingrocks	Climb	73	0	3	2844,3693,0	2838,3693,0		
loc.wilderness_lava_dragons_shortcut	Cross	74	0	3	3201,3807,0	3201,3810,0		
loc.wilderness_lava_dragons_shortcut	Cross	74	0	3	3201,3810,0	3201,3807,0		
loc.snakeboss_steppingstone	Cross	76	0	6	2154,3072,0	2160,3072,0	quest=quest_regicide	
loc.snakeboss_steppingstone	Cross	76	0	6	2160,3072,0	2154,3072,0	quest=quest_regicide	
loc.kharazi_shortcut_vine_diag1_live	Climb	79	0	5	2899,2937,0	2899,2942,0	quest=quest_legends	
loc.kharazi_shortcut_vine_end_live	Climb	79	0	5	2899,2942,0	2899,2937,0	quest=quest_legends	
loc.shortcut_shilo_rocks_bottom	Climb	79	0	5	2871,3008,0	2871,3003,0		
loc.shortcut_shilo_rocks_top	Climb	79	0	5	2871,3003,0	2871,3008,0		
loc.taverly_dungeon_floor_spikes_sc	Jump-over	80	12.5	3	2878,9813,0	2881,9813,0		0/220/0/
loc.taverly_dungeon_floor_spikes_sc	Jump-over	80	12.5	3	2880,9813,0	2877,9813,0		0/220/0/
loc.dugupsoil_slayer_2	Climb-through	81	0	7	3420,3534,2	3418,3532,0		
loc.slayer_corpse1	Climb-up	81	0	5	3418,3532,0	3420,3534,2		
loc.wilderness_lava_maze_northern_shortcut	Cross	82	0	5	3092,3878,0	3092,3883,0		
loc.wilderness_lava_maze_northern_shortcut	Cross	82	0	5	3092,3883,0	3092,3878,0		
loc.crandor_shortcut_bottom	Climb	84	0	6	2832,3247,0	2832,3252,0		
loc.crandor_shortcut_top	Climb	84	0	6	2832,3252,0	2832,3247,0		
loc.dagannoth_waterbirth_rock_climb_agility_shortcut_bottom	Climb	85	0	5	2547,3749,0	2547,3744,0		
loc.dagannoth_waterbirth_rock_climb_agility_shortcut_top	Climb	85	0	5	2547,3744,0	2547,3749,0		
loc.elves_overpass_sc_rocks_bottom	Climb	85	0	6	2338,3253,0	2332,3252,0		
loc.elves_overpass_sc_rocks_top	Climb	85	0	6	2332,3252,0	2338,3253,0		
loc.kalphite_wall_shortcut	Squeeze-through	86	0	3	3500,9510,2	3506,9505,2		
loc.kalphite_wall_shortcut	Squeeze-through	86	0	3	3506,9505,2	3500,9510,2		
loc.legends_quest_cave_shortcut	Squeeze-through	96	7.5	3	2764,9341,0	2769,9340,0		
loc.legends_quest_cave_shortcut	Squeeze-through	96	7.5	3	2769,9340,0	2764,9341,0		
